step,phase,timestamp,x,y,z,vx,vy,vz,wx,wy,wz,m1,m2,m3,m4,throttle,yaw,roll,pitch
0,thrust,[1.7299987],520.954,26.243568,555.26996,-0.0002452247,-0.00027513504,0.00040212338,-0.0061873654,-0.002630826,0.0010493633,1166.575,1166.575,1166.575,1166.575,1200,1024,1024,1024
1,thrust,[1.7499987],520.954,26.24467,555.26996,0.0001312313,0.11019739,0.0013685342,-0.0015475636,8.3045425e-06,-2.2113689e-10,9997.771,9997.73,10008.012,10007.971,1200,1024,1024,1024
2,thrust,[1.7799987],520.954,26.254538,555.26996,0.00017367088,0.43675092,0.0025301927,-0.00074086594,-0.0005585749,1.1675638e-10,9942.803,9945.572,9947.744,9950.514,1200,1024,1024,1024
3,thrust,[1.7999986],520.954,26.26642,555.27,0.00019569587,0.6459563,0.0032963792,-0.0007290635,-0.0005489424,-6.4801498e-12,9905.563,9908.298,9910.452,9913.187,1200,1024,1024,1024
4,thrust,[1.8299986],520.954,26.291798,555.2702,0.00021965176,0.943565,0.0044257343,-0.000712263,-0.00053509156,5.7298166e-11,9851.911,9854.597,9856.723,9859.409,1200,1024,1024,1024
5,thrust,[1.8499986],520.954,26.313469,555.2703,0.00022989424,1.129402,0.00516142,-0.0006989842,-0.0005293718,-1.485887e-10,9818.005,9820.676,9822.749,9825.42,1200,1024,1024,1024
6,thrust,[1.8799986],520.954,26.352556,555.2705,0.00023730626,1.3866634,0.0062329737,-0.0006794801,-0.00051722175,-1.0845724e-10,9770.566,9773.193,9775.209,9777.835,1200,1024,1024,1024
7,thrust,[1.8999985],520.954,26.382643,555.2706,0.00023737838,1.5425266,0.0069228215,-0.00066828245,-0.0005075778,1.865601e-10,9741.533,9744.12,9746.117,9748.703,1200,1024,1024,1024
8,thrust,[1.9299985],520.954,26.433159,555.2708,0.0002332139,1.7510523,0.007914512,-0.0002783003,-3.181608e-06,-4.569931e-10,9707.428,9707.443,9709.347,9709.363,1200,1024,1024,1024
9,thrust,[1.9499985],520.954,26.470016,555.27094,0.00023041983,1.8723093,0.008542679,-0.00026663893,2.8557477e-06,1.0424106e-10,9684.448,9684.435,9686.292,9686.278,1200,1024,1024,1024
10,thrust,[1.9799985],520.954,26.529358,555.2712,0.00022644749,2.028128,0.009435879,-0.00033649174,9.4021703e-07,-4.982703e-11,9654.097,9654.093,9656.435,9656.43,1200,1024,1024,1024
11,thrust,[1.9999985],520.954,26.571386,555.2714,0.00022384991,2.125697,0.010020618,-0.00036213122,-3.1734082e-08,-4.1279043e-11,9635.095,9635.095,9637.615,9637.615,1200,1024,1024,1024
12,thrust,[2.0199986],520.954,26.615343,555.27167,0.00022125634,2.2217283,0.010603943,-0.00036254356,-9.876226e-08,1.4612854e-10,9616.469,9616.469,9619.0,9619.0,1200,1024,1024,1024
13,thrust,[2.0399985],520.954,26.661198,555.2719,0.00021866616,2.3162386,0.011185847,-0.00036106486,-7.0722805e-08,1.4024393e-11,9598.062,9598.062,9600.588,9600.588,1200,1024,1024,1024
14,thrust,[2.0599985],520.954,26.70892,555.27216,0.0002160795,2.4092436,0.011766308,-0.00035947916,8.2438376e-08,-2.2314275e-11,9579.859,9579.859,9582.38,9582.38,1200,1024,1024,1024
15,thrust,[2.0899985],520.954,26.783937,555.2725,0.00021220761,2.545994,0.012633042,-6.809096e-06,5.7500614e-08,1.1163591e-11,9555.401,9555.401,9555.449,9555.449,1200,1024,1024,1024
16,thrust,[2.1099985],520.954,26.8362,555.27277,0.00020963218,2.6353407,0.013206582,-4.5478996e-07,4.639488e-08,1.09913495e-10,9537.746,9537.746,9537.749,9537.749,1200,1024,1024,1024
17,thrust,[2.1399984],520.954,26.917894,555.27313,0.00020577836,2.7666454,0.01406019,-1.1250305e-07,2.914742e-09,-1.1708214e-11,9511.586,9511.586,9511.586,9511.586,1200,1024,1024,1024
18,thrust,[2.1599984],520.954,26.974516,555.2734,0.00020321528,2.8523946,0.014624804,1.530393e-08,4.012311e-08,1.8383661e-10,9494.4,9494.4,9494.4,9494.4,1200,1024,1024,1024
19,thrust,[2.1899984],520.954,27.062614,555.2738,0.00019938058,2.9783773,0.015465066,3.8968036e-08,9.447961e-08,-1.5954889e-10,9469.013,9469.013,9469.013,9469.013,1200,1024,1024,1024
20,thrust,[2.2299984],520.954,27.185846,555.27454,0.0001942876,3.1415107,0.016573042,-7.368747e-08,6.7862764e-08,5.488013e-11,9435.885,9435.885,9435.885,9435.885,1200,1024,1024,1024
21,thrust,[2.2499983],520.954,27.249872,555.2749,0.00019174992,3.2210383,0.017121758,-5.96893e-08,-1.3695605e-08,1.6877298e-10,9419.63,9419.63,9419.63,9419.63,1200,1024,1024,1024
22,thrust,[2.2799983],520.954,27.348845,555.27545,0.00018795412,3.3378274,0.01793828,-7.475586e-08,-9.983197e-09,1.4156288e-11,9395.634,9395.634,9395.634,9395.634,1200,1024,1024,1024
23,thrust,[2.2999983],520.954,27.416744,555.2758,0.00018543088,3.4140425,0.018478286,-1.2921446e-07,5.7147236e-08,-1.333386e-10,9379.893,9379.892,9379.894,9379.893,1200,1024,1024,1024
24,thrust,[2.3299983],520.954,27.52141,555.27637,0.00018165742,3.5259397,0.019281816,5.1368403e-08,-4.5205475e-08,1.7170959e-11,9356.668,9356.668,9356.668,9356.668,1200,1024,1024,1024
25,thrust,[2.3499982],520.954,27.593025,555.27673,0.00017914914,3.5989454,0.019813206,1.0708252e-08,-6.7514726e-08,-1.255249e-10,9341.439,9341.439,9341.439,9341.439,1200,1024,1024,1024
26,thrust,[2.3699982],520.954,27.666082,555.2771,0.00017664679,3.6706963,0.020341182,7.047166e-08,-5.8122136e-08,1.2994107e-11,9326.413,9326.413,9326.413,9326.413,1200,1024,1024,1024
27,thrust,[2.3899982],520.954,27.740557,555.27747,0.00017415053,3.741209,0.02086576,-4.9346784e-08,-1.2742799e-08,1.1572722e-12,9311.59,9311.59,9311.59,9311.59,1200,1024,1024,1024
28,thrust,[2.4099982],520.954,27.816422,555.2779,0.00017166059,3.8105,0.02138696,-2.2029425e-09,5.8341556e-08,-5.6025493e-11,9296.969,9296.969,9296.969,9296.969,1200,1024,1024,1024
29,thrust,[2.4399981],520.954,27.932775,555.2786,0.0001679386,3.9121816,0.022162465,-1.6086196e-09,-3.2313128e-08,1.575642e-10,9275.412,9275.412,9275.412,9275.412,1200,1024,1024,1024
30,thrust,[2.4599981],520.954,28.012016,555.2791,0.00016546567,3.97849,0.022675302,-6.65343e-08,-2.6171397e-08,8.0166415e-11,9261.291,9261.291,9261.291,9261.291,1200,1024,1024,1024
31,thrust,[2.489998],520.954,28.133322,555.27985,0.00016176884,4.075775,0.023438355,-1.142133e-08,7.361686e-08,-4.2709978e-11,9240.48,9240.48,9240.48,9240.48,1200,1024,1024,1024
32,thrust,[2.509998],520.954,28.21579,555.28033,0.00015931328,4.1392035,0.023942955,-3.671709e-08,5.963061e-08,-4.822589e-11,9226.853,9226.853,9226.853,9226.853,1200,1024,1024,1024
33,thrust,[2.529998],520.954,28.29951,555.2808,0.00015686499,4.201508,0.024444297,4.591428e-09,4.829998e-08,1.6908247e-10,9213.42,9213.42,9213.42,9213.42,1200,1024,1024,1024
34,thrust,[2.559998],520.954,28.427387,555.28156,0.00015320623,4.292893,0.025190245,-6.1884165e-08,3.5212558e-08,-1.0725963e-10,9193.635,9193.635,9193.635,9193.635,1200,1024,1024,1024
35,thrust,[2.589998],520.954,28.557957,555.2823,0.00014956386,4.3818398,0.025928983,-1.0782383e-08,-5.2305826e-09,-1.7552952e-10,9174.282,9174.282,9174.282,9174.282,1200,1024,1024,1024
36,thrust,[2.609998],520.954,28.646463,555.2828,0.0001471446,4.4398093,0.026417507,-4.3066002e-08,-4.2354245e-09,-8.210393e-11,9161.618,9161.618,9161.618,9161.618,1200,1024,1024,1024
37,thrust,[2.639998],520.954,28.781363,555.2835,0.00014352927,4.524811,0.027144395,7.43495e-08,3.0897827e-08,4.246415e-11,9142.976,9142.976,9142.976,9142.976,1200,1024,1024,1024
38,thrust,[2.659998],520.954,28.87269,555.28406,0.00014112836,4.5801997,0.02762509,2.5889594e-08,-9.304e-09,-2.4417428e-11,9130.781,9130.781,9130.781,9130.781,1200,1024,1024,1024
39,thrust,[2.689998],520.954,29.011726,555.285,0.00013754086,4.661403,0.02834034,4.668265e-08,-6.7835946e-09,-1.0872379e-11,9112.835,9112.835,9112.835,9112.835,1200,1024,1024,1024
40,thrust,[2.709998],520.954,29.105751,555.2856,0.00013515845,4.714308,0.028813347,3.781295e-08,-5.4948464e-09,-7.586172e-11,9101.099,9101.099,9101.099,9101.099,1200,1024,1024,1024
41,thrust,[2.7399979],520.954,29.248735,555.2865,0.00013159885,4.7918563,0.029517177,-2.4473226e-10,-3.8336868e-08,6.094927e-11,9083.834,9083.834,9083.834,9083.834,1200,1024,1024,1024
42,thrust,[2.7599978],520.954,29.345331,555.2871,0.00012923508,4.842371,0.029982645,-6.542955e-08,-3.1050664e-08,-1.820797e-11,9072.548,9072.548,9072.548,9072.548,1200,1024,1024,1024
43,thrust,[2.7899978],520.954,29.492088,555.288,0.00012570355,4.9164042,0.030675279,-4.117291e-08,3.607217e-08,-2.906786e-12,9055.949,9055.949,9055.949,9055.949,1200,1024,1024,1024
44,thrust,[2.8099978],520.954,29.59114,555.28864,0.00012335894,4.964622,0.031133357,-6.768233e-08,2.9219816e-08,6.442598e-11,9045.102,9045.102,9045.102,9045.102,1200,1024,1024,1024
45,thrust,[2.8399978],520.954,29.741497,555.28955,0.00011985667,5.0352783,0.03181502,-8.024056e-08,-9.596871e-09,-5.9654313e-12,9029.153,9029.153,9029.153,9029.153,1200,1024,1024,1024
46,thrust,[2.8599977],520.954,29.842896,555.29016,0.00011753146,5.08129,0.032265857,-3.1956577e-09,2.3123452e-08,7.3794443e-13,9018.733,9018.733,9018.733,9018.733,1200,1024,1024,1024
47,thrust,[2.8899977],520.954,29.996687,555.2911,0.00011405833,5.148703,0.03293677,-8.510552e-09,-1.4041909e-08,-4.58715e-12,9003.419,9003.419,9003.419,9003.419,1200,1024,1024,1024
48,thrust,[2.9299977],520.954,30.20482,555.2924,0.000109454486,5.2356677,0.033821475,-1.7217507e-08,1.2811675e-07,-7.7401724e-11,8983.576,8983.576,8983.576,8983.576,1200,1024,1024,1024
49,thrust,[2.9499977],520.954,30.31017,555.29315,0.00010716473,5.2779293,0.034259662,-1.3945077e-08,1.3467366e-07,-7.1030785e-11,8973.898,8973.898,8973.898,8973.898,1200,1024,1024,1024
50,thrust,[2.9799976],520.954,30.46975,555.29425,0.00010374599,5.3398337,0.034911796,-6.73396e-09,6.384472e-08,-2.333897e-12,8959.682,8959.682,8959.682,8959.682,1300,1024,1024,1024
51,thrust,[2.9999976],520.954,30.577406,555.295,0.000101274156,5.4055324,0.035394117,-8.890189e-09,-1.69498e-08,2.6992453e-10,10732.508,10732.508,10732.508,10732.508,1300,1024,1024,1024
52,thrust,[3.0299976],520.954,30.742252,555.2961,9.728435e-05,5.539157,0.036185108,-6.827781e-08,2.1977579e-08,-8.8502344e-11,10702.916,10702.916,10702.916,10702.916,1300,1024,1024,1024
53,thrust,[3.0499976],520.954,30.85434,555.2968,9.464087e-05,5.625995,0.036705915,9.927398e-09,4.8699224e-08,2.2895222e-10,10683.565,10683.565,10683.565,10683.565,1300,1024,1024,1024
54,thrust,[3.0799975],520.954,31.025667,555.2979,9.070082e-05,5.752958,0.037477482,1.0327973e-08,6.3310516e-08,1.4589899e-11,10655.101,10655.101,10655.101,10655.101,1300,1024,1024,1024
55,thrust,[3.0999975],520.954,31.141966,555.29865,8.8090856e-05,5.835445,0.037985507,4.2695724e-08,-1.0517959e-08,1.940982e-12,10636.495,10636.495,10636.495,10636.495,1300,1024,1024,1024
56,thrust,[3.1199975],520.954,31.259888,555.2994,8.549392e-05,5.9162407,0.038488515,6.54838e-08,2.5811286e-08,-2.011573e-10,10618.187,10618.187,10618.187,10618.187,1300,1024,1024,1024
57,thrust,[3.1399975],520.954,31.379402,555.3001,8.291024e-05,5.9953747,0.03898656,1.5271345e-08,-1.1985385e-07,-2.8409386e-11,10600.173,10600.173,10600.173,10600.173,1300,1024,1024,1024
58,thrust,[3.1599975],520.954,31.500473,555.30084,8.033919e-05,6.072874,0.039479703,-5.972542e-08,-2.498101e-08,3.2958948e-11,10582.449,10582.449,10582.449,10582.449,1300,1024,1024,1024
59,thrust,[3.1899974],520.954,31.68493,555.3021,7.650667e-05,6.1861196,0.040210336,-4.010783e-08,-5.2543328e-08,1.7338675e-10,10556.411,10556.411,10556.411,10556.411,1300,1024,1024,1024
60,thrust,[3.2099974],520.954,31.80976,555.303,7.396776e-05,6.2596545,0.040691458,-2.5619661e-08,-8.228237e-09,1.7987917e-11,10539.41,10539.41,10539.41,10539.41,1300,1024,1024,1024
61,thrust,[3.2399974],520.954,31.999702,555.30426,7.018387e-05,6.367082,0.04140432,-2.5197657e-08,5.579978e-08,-1.2967348e-10,10514.444,10514.444,10514.444,10514.444,1300,1024,1024,1024
62,thrust,[3.2599974],520.954,32.128094,555.3051,6.7677865e-05,6.4368234,0.041873764,1.3918739e-08,-5.0933615e-08,7.465312e-11,10498.153,10498.153,10498.153,10498.153,1300,1024,1024,1024
63,thrust,[3.2899973],520.954,32.323246,555.3064,6.394274e-05,6.5386863,0.04256937,3.7956138e-08,-3.060859e-08,-1.2754818e-11,10474.238,10474.238,10474.238,10474.238,1300,1024,1024,1024
64,thrust,[3.3099973],520.954,32.455013,555.30725,6.1468636e-05,6.6048007,0.043027483,-3.5879284e-09,-2.8224681e-08,1.3039098e-10,10458.64,10458.64,10458.64,10458.64,1300,1024,1024,1024
65,thrust,[3.3299973],520.954,32.58808,555.3081,5.900742e-05,6.6695104,0.043481156,9.322537e-08,1.1466542e-08,-8.318021e-11,10443.314,10443.314,10443.314,10443.314,1300,1024,1024,1024
66,thrust,[3.3599973],520.954,32.790062,555.3094,5.5339973e-05,6.763997,0.04415347,3.3971123e-08,-2.562868e-08,-5.1741146e-11,10420.832,10420.832,10420.832,10420.832,1300,1024,1024,1024
67,thrust,[3.3799973],520.954,32.92626,555.31024,5.291094e-05,6.8253064,0.044596292,-3.7716916e-08,-8.255515e-08,-5.2583105e-11,10406.176,10406.176,10406.176,10406.176,1300,1024,1024,1024
68,thrust,[3.4099972],520.954,33.132816,555.3115,4.929067e-05,6.9148107,0.04525258,-2.7838954e-08,-6.018279e-08,-9.3320976e-11,10384.686,10384.686,10384.686,10384.686,1300,1024,1024,1024
69,thrust,[3.4299972],520.954,33.271984,555.3124,4.689279e-05,6.972876,0.04568489,-2.2547221e-08,1.6483373e-08,-8.573636e-11,10370.683,10370.683,10370.683,10370.683,1300,1024,1024,1024
70,thrust,[3.4499972],520.954,33.412296,555.31335,4.4507728e-05,7.029687,0.046113085,1.6070251e-08,4.7682796e-08,2.777695e-12,10356.937,10356.937,10356.937,10356.937,1300,1024,1024,1024
71,thrust,[3.4799972],520.954,33.62485,555.3148,4.0954204e-05,7.112602,0.04674778,1.823502e-08,-5.827973e-08,2.0144467e-10,10336.789,10336.789,10336.789,10336.789,1300,1024,1024,1024
72,thrust,[3.4999971],520.954,33.76791,555.3158,3.8600738e-05,7.16638,0.047165927,4.9103868e-08,-1.2875708e-08,4.0934596e-11,10323.67,10323.67,10323.67,10323.67,1300,1024,1024,1024
73,thrust,[3.529997],520.954,33.984478,555.31726,3.509376e-05,7.244856,0.047785792,3.579462e-08,-6.8094415e-08,1.730832e-10,10304.448,10304.448,10304.448,10304.448,1300,1024,1024,1024
74,thrust,[3.549997],520.954,34.13014,555.31824,3.277099e-05,7.2957454,0.04819421,-5.3386318e-09,-5.5155738e-08,-1.0818112e-10,10291.936,10291.936,10291.936,10291.936,1300,1024,1024,1024
75,thrust,[3.569997],520.954,34.276802,555.3192,3.0460435e-05,7.345519,0.04859883,-8.875072e-10,5.488766e-08,-2.5795824e-11,10279.66,10279.66,10279.66,10279.66,1300,1024,1024,1024
76,thrust,[3.589997],520.954,34.424442,555.3202,2.8162589e-05,7.3941994,0.048999693,-7.191277e-10,3.7592976e-08,2.0074933e-10,10267.619,10267.619,10267.619,10267.619,1300,1024,1024,1024
77,thrust,[3.609997],520.954,34.57304,555.32117,2.5877316e-05,7.4418077,0.049396858,-5.859251e-10,-6.568066e-08,-4.0193168e-11,10255.81,10255.81,10255.81,10255.81,1300,1024,1024,1024
78,thrust,[3.629997],520.954,34.722576,555.32214,2.3604029e-05,7.488365,0.04979037,-4.7459925e-10,-5.320134e-08,-3.2556485e-11,10244.228,10244.228,10244.228,10244.228,1300,1024,1024,1024
79,thrust,[3.659997],520.954,34.94859,555.3236,2.021649e-05,7.5562773,0.050373904,-1.033428e-07,-3.8779817e-08,1.16257864e-10,10227.273,10227.274,10227.274,10227.275,1300,1024,1024,1024
80,thrust,[3.679997],520.954,35.100376,555.3246,1.7973234e-05,7.6003,0.050758503,7.422522e-08,9.217866e-08,-1.5248519e-10,10216.249,10216.248,10216.248,10216.247,1300,1024,1024,1024
81,thrust,[3.709997],520.954,35.329674,555.32605,1.4631481e-05,7.664505,0.05132889,-6.021927e-08,-1.622511e-08,-3.0562438e-11,10200.115,10200.115,10200.115,10200.115,1300,1024,1024,1024
82,thrust,[3.729997],520.954,35.48359,555.327,1.2418516e-05,7.7061186,0.051704872,-8.65431e-08,-1.3141127e-08,-9.211282e-11,10189.624,10189.624,10189.624,10189.624,1300,1024,1024,1024
83,thrust,[3.759997],520.954,35.715992,555.3287,9.121251e-06,7.7668033,0.052262552,-6.6179815e-08,-9.579661e-09,-1.2189803e-11,10174.279,10174.279,10174.279,10174.279,1300,1024,1024,1024
84,thrust,[3.7799969],520.954,35.871918,555.3298,6.937784e-06,7.8061295,0.05263021,-8.450469e-08,-7.758691e-09,-1.4423115e-10,10164.304,10164.304,10164.304,10164.304,1300,1024,1024,1024
85,thrust,[3.8099968],520.954,36.107254,555.3314,3.6844995e-06,7.8634715,0.05317561,-1.2374534e-07,-5.653501e-09,7.607755e-11,10149.717,10149.717,10149.717,10149.717,1300,1024,1024,1024
86,thrust,[3.8299968],520.954,36.265083,555.3325,1.5301636e-06,7.9006276,0.053535223,-3.843563e-08,-4.581919e-09,-1.2563696e-10,10140.237,10140.237,10140.237,10140.237,1300,1024,1024,1024
87,thrust,[3.8599968],520.954,36.50319,555.33417,-1.6797662e-06,7.954798,0.054068767,-6.887608e-08,-3.4237786e-08,-4.8711958e-11,10126.379,10126.379,10126.379,10126.379,1300,1024,1024,1024
88,thrust,[3.8799968],520.954,36.66281,555.33527,-3.8055834e-06,7.9898953,0.05442061,-2.8322582e-08,6.5987473e-09,-4.7753725e-11,10117.376,10117.376,10117.376,10117.376,1300,1024,1024,1024
89,thrust,[3.9099967],520.954,36.903534,555.3369,-6.9729895e-06,8.041059,0.054942694,-2.0648388e-08,-2.9521626e-08,8.233363e-11,10104.215,10104.215,10104.215,10104.215,1300,1024,1024,1024
90,thrust,[3.9299967],520.954,37.064854,555.338,-9.070576e-06,8.0742035,0.05528703,1.760708e-08,-2.391385e-08,1.3320942e-11,10095.67,10095.67,10095.67,10095.67,1300,1024,1024,1024
91,thrust,[3.9599967],520.954,37.308052,555.33966,-1.2196192e-05,8.122517,0.05579805,-7.7115e-08,-1.7429985e-08,8.991028e-12,10083.18,10083.18,10083.18,10083.18,1300,1024,1024,1024
92,thrust,[3.9799967],520.954,37.470974,555.34076,-1.426621e-05,8.153811,0.056135137,-6.589625e-08,-1.0685074e-08,-6.668652e-11,10075.068,10075.068,10075.068,10075.068,1300,1024,1024,1024
93,thrust,[4.009997],520.954,37.716503,555.3424,-1.735076e-05,8.199423,0.05663547,-5.1128268e-08,-7.789148e-09,3.115634e-11,10063.222,10063.222,10063.222,10063.222,1300,1024,1024,1024
94,thrust,[4.0299973],520.954,37.880936,555.3435,-1.9393516e-05,8.228965,0.056965552,-7.231294e-08,-6.3079706e-09,9.204438e-11,10055.53,10055.53,10055.53,10055.53,1300,1024,1024,1024
95,thrust,[4.059998],520.954,38.12867,555.34515,-2.2437525e-05,8.272017,0.057455562,2.281879e-08,1.04918975e-07,6.326707e-11,10044.296,10044.296,10044.296,10044.296,1300,1024,1024,1024
96,thrust,[4.0799985],520.954,38.29453,555.34625,-2.445313e-05,8.299899,0.057778884,2.1916447e-08,8.498413e-08,-9.0757965e-12,10037.004,10037.004,10037.004,10037.004,1300,1024,1024,1024
97,thrust,[4.109999],520.954,38.544342,555.348,-2.7455586e-05,8.340529,0.058258925,1.5977959e-08,8.632941e-08,4.8379916e-12,10026.356,10026.356,10026.356,10026.356,1300,1024,1024,1024
98,thrust,[4.1299996],520.954,38.711548,555.34924,-2.9443367e-05,8.366841,0.058575712,-2.1390127e-08,6.9928056e-08,1.0349666e-11,10019.446,10019.446,10019.446,10019.446,1300,1024,1024,1024
99,thrust,[4.1600003],520.954,38.963326,555.3511,-3.240476e-05,8.40518,0.05904612,4.311478e-08,5.09756e-08,8.177505e-11,10009.359,10009.359,10009.359,10009.359,1300,1024,1024,1024
100,thrust,[4.180001],520.954,39.1318,555.3523,-3.4365716e-05,8.430005,0.059356596,4.023927e-09,4.1291067e-08,-6.811947e-11,10002.813,10002.813,10002.813,10002.813,1400,1024,1024,1024
101,thrust,[4.2100015],520.954,39.386204,555.3541,-3.7699876e-05,8.517685,0.059920818,6.0176943e-09,-1.2817053e-07,2.0145623e-10,11978.712,11978.712,11978.712,11978.712,1400,1024,1024,1024
102,thrust,[4.230002],520.954,39.557667,555.35535,-4.0039016e-05,8.591338,0.06032494,7.697481e-08,-2.8290327e-08,-2.2914862e-10,11960.446,11960.446,11960.446,11960.446,1400,1024,1024,1024
103,thrust,[4.2600026],520.954,39.81756,555.3572,-4.351235e-05,8.698472,0.060920496,6.263974e-08,3.499505e-08,9.6947415e-11,11933.729,11933.729,11933.729,11933.729,1400,1024,1024,1024
104,thrust,[4.280003],520.954,39.99257,555.3584,-4.5804067e-05,8.767721,0.06131059,8.5070454e-08,2.8344761e-08,7.880199e-11,11916.363,11916.363,11916.363,11916.363,1400,1024,1024,1024
105,thrust,[4.3100038],520.954,40.25762,555.3602,-4.9206563e-05,8.868427,0.061885558,2.768188e-08,-4.1134143e-08,-1.8230681e-10,11890.976,11890.976,11890.976,11890.976,1400,1024,1024,1024
106,thrust,[4.330004],520.954,40.43597,555.36145,-5.1452174e-05,8.933507,0.06226223,1.18552684e-07,-3.3321847e-08,-2.6200446e-11,11874.481,11874.482,11874.48,11874.481,1400,1024,1024,1024
107,thrust,[4.3500047],520.954,40.615593,555.3627,-5.3679567e-05,8.996983,0.0626337,3.0798187e-08,2.450989e-08,-1.518658e-10,11858.333,11858.333,11858.333,11858.333,1400,1024,1024,1024
108,thrust,[4.3800054],520.954,40.887356,555.3645,-5.6986486e-05,9.089267,0.06318135,7.807016e-08,1.786567e-08,-1.344052e-10,11834.734,11834.734,11834.734,11834.734,1400,1024,1024,1024
109,thrust,[4.410006],520.954,41.16182,555.36633,-6.0253366e-05,9.17814,0.063717805,2.6014092e-08,1.3025689e-08,1.5658085e-10,11811.881,11811.881,11811.881,11811.881,1400,1024,1024,1024
110,thrust,[4.4400067],520.954,41.43888,555.3682,-6.348125e-05,9.263716,0.064243376,1.1166322e-07,6.030444e-08,1.8596906e-10,11789.751,11789.75,11789.75,11789.748,1400,1024,1024,1024
111,thrust,[4.460007],520.954,41.624985,555.36957,-6.56118e-05,9.318991,0.064587854,2.5214902e-08,2.138297e-08,1.1132904e-10,11775.3955,11775.3955,11775.3955,11775.3955,1400,1024,1024,1024
112,thrust,[4.490008],520.954,41.906166,555.3716,-6.877555e-05,9.39932,0.065095924,1.3888638e-07,-2.8705182e-08,-8.384971e-11,11754.438,11754.439,11754.437,11754.438,1400,1024,1024,1024
113,thrust,[4.5200086],520.954,42.189697,555.3736,-7.190148e-05,9.476643,0.065593876,-4.08878e-08,-3.0533602e-08,1.689136e-10,11734.166,11734.166,11734.166,11734.166,1400,1024,1024,1024
114,thrust,[4.540009],520.954,42.37998,555.37494,-7.3964984e-05,9.526573,0.06592036,-7.088462e-08,-2.4731122e-08,9.113349e-12,11721.021,11721.021,11721.021,11721.021,1400,1024,1024,1024
115,thrust,[4.5600095],520.954,42.571243,555.3763,-7.601237e-05,9.575245,0.06624255,-8.831571e-08,-2.3464334e-08,7.31586e-12,11708.168,11708.168,11708.168,11708.168,1400,1024,1024,1024
116,thrust,[4.59001],520.954,42.85992,555.3783,-7.905362e-05,9.645955,0.06671796,-4.0006235e-08,-1.7106478e-08,-4.8115893e-11,11689.423,11689.423,11689.423,11689.423,1400,1024,1024,1024
117,thrust,[4.6100106],520.954,43.053528,555.37964,-8.106151e-05,9.691606,0.06702977,-1.0106837e-07,2.0478547e-08,-4.1334082e-11,11677.274,11677.274,11677.274,11677.274,1400,1024,1024,1024
118,thrust,[4.6400113],520.954,43.34561,555.38165,-8.4043684e-05,9.757917,0.06748996,-3.626093e-08,-1.045487e-07,1.427663e-10,11659.566,11659.566,11659.566,11659.566,1400,1024,1024,1024
119,thrust,[4.660012],520.954,43.541412,555.383,-8.6012806e-05,9.800722,0.06779186,-6.713918e-08,-1.4991477e-07,4.786227e-12,11648.093,11648.094,11648.094,11648.095,1400,1024,1024,1024
120,thrust,[4.6900125],520.954,43.83668,555.385,-8.893924e-05,9.862891,0.06823752,6.675698e-09,-5.6761316e-08,2.0608876e-11,11631.377,11631.377,11631.377,11631.377,1400,1024,1024,1024
121,thrust,[4.710013],520.954,44.034542,555.38635,-9.087188e-05,9.903017,0.068529956,-2.892263e-08,1.9256028e-08,1.9682707e-11,11620.551,11620.551,11620.551,11620.551,1400,1024,1024,1024
122,thrust,[4.7300134],520.954,44.233192,555.3877,-9.2789676e-05,9.942116,0.068818726,-1.9994221e-08,1.2164157e-08,8.3206685e-11,11609.975,11609.975,11609.975,11609.975,1400,1024,1024,1024
123,thrust,[4.760014],520.954,44.532597,555.3897,-9.563906e-05,9.998892,0.06924517,-8.053646e-09,-1.894172e-08,8.1622965e-11,11594.568,11594.568,11594.568,11594.568,1400,1024,1024,1024
124,thrust,[4.7800145],520.954,44.733128,555.39105,-9.752081e-05,10.03553,0.069525085,-7.175244e-08,4.9890897e-08,1.5212692e-11,11584.598,11584.598,11584.598,11584.598,1400,1024,1024,1024
125,thrust,[4.810015],520.954,45.035263,555.39307,-0.00010031653,10.088728,0.069938555,-1.1136135e-07,-2.8515586e-08,6.301487e-13,11570.074,11570.075,11570.075,11570.076,1400,1024,1024,1024
126,thrust,[4.8300157],520.954,45.237553,555.3945,-0.00010216293,10.123054,0.07021002,4.0262154e-08,3.8695774e-08,-8.217267e-11,11560.681,11560.681,11560.681,11560.681,1400,1024,1024,1024
127,thrust,[4.8600163],520.954,45.542248,555.39667,-0.000104906736,10.172888,0.0706111,6.368029e-08,-5.830948e-08,-3.8971187e-11,11547.001,11547.001,11547.001,11547.001,1400,1024,1024,1024
128,thrust,[4.890017],520.954,45.848396,555.39886,-0.00010762084,10.220801,0.07100502,4.951283e-08,-4.25077e-08,-1.4974223e-11,11533.806,11533.806,11533.806,11533.806,1400,1024,1024,1024
129,thrust,[4.9100175],520.954,46.053276,555.4003,-0.00010941392,10.251713,0.07126375,-5.945698e-08,-9.493111e-11,1.864281e-10,11525.272,11525.272,11525.272,11525.272,1400,1024,1024,1024
130,thrust,[4.940018],520.954,46.36173,555.4025,-0.00011207886,10.296582,0.07164618,-1.0891545e-07,9.297336e-08,-7.873939e-11,11512.853,11512.852,11512.854,11512.853,1400,1024,1024,1024
131,thrust,[4.9600186],520.954,46.568096,555.404,-0.000113838985,10.325526,0.071897425,4.471213e-09,-4.8291078e-08,6.4183124e-11,11504.823,11504.823,11504.823,11504.823,1400,1024,1024,1024
132,thrust,[4.9900193],520.954,46.878708,555.4062,-0.00011645575,10.367537,0.072268896,-2.7637201e-08,3.0027834e-08,-2.1841437e-10,11493.14,11493.14,11493.14,11493.14,1400,1024,1024,1024
133,thrust,[5.01002],520.954,47.086468,555.40765,-0.00011818452,10.394634,0.07251301,-4.9854286e-08,-4.0907814e-08,-1.200495e-10,11485.586,11485.586,11485.586,11485.586,1400,1024,1024,1024
134,thrust,[5.0400205],520.954,47.399097,555.40985,-0.00012075501,10.433961,0.07287402,-7.3769264e-08,-1.2286112e-07,-9.430573e-11,11474.601,11474.602,11474.602,11474.603,1400,1024,1024,1024
135,thrust,[5.060021],520.954,47.608154,555.4113,-0.00012245396,10.459325,0.07311132,-3.2282873e-08,2.4078062e-08,-2.9045346e-11,11467.501,11467.501,11467.501,11467.501,1400,1024,1024,1024
136,thrust,[5.0900216],520.954,47.922672,555.4135,-0.0001249794,10.496133,0.07346234,-5.477571e-08,4.1930324e-08,1.4358631e-10,11457.178,11457.178,11457.178,11457.178,1400,1024,1024,1024
137,thrust,[5.110022],520.954,48.13295,555.415,-0.00012664785,10.519871,0.07369313,-4.437065e-08,-3.1268e-08,6.6102936e-11,11450.504,11450.504,11450.504,11450.504,1400,1024,1024,1024
138,thrust,[5.1300225],520.954,48.343697,555.41644,-0.00012830476,10.542987,0.0739214,-3.25081e-08,-5.6226458e-08,-1.8559244e-11,11443.997,11443.997,11443.997,11443.997,1400,1024,1024,1024
139,thrust,[5.160023],520.954,48.660664,555.41864,-0.00013076901,10.576529,0.07425918,-3.022154e-08,-4.098873e-08,4.676764e-11,11434.537,11434.537,11434.537,11434.537,1400,1024,1024,1024
140,thrust,[5.1800237],520.954,48.872517,555.4201,-0.00013239788,10.598159,0.07448134,9.852829e-09,-3.320238e-08,-1.02659034e-10,11428.426,11428.426,11428.426,11428.426,1400,1024,1024,1024
141,thrust,[5.2100244],520.954,49.191093,555.4223,-0.0001348204,10.629542,0.07481018,-2.4057327e-08,4.1027878e-08,-1.576558e-10,11419.542,11419.542,11419.542,11419.542,1400,1024,1024,1024
142,thrust,[5.230025],520.954,49.403988,555.42377,-0.0001364213,10.649778,0.07502651,4.5749545e-08,1.63693e-07,-2.0782413e-10,11413.806,11413.805,11413.805,11413.803,1400,1024,1024,1024
143,thrust,[5.2600255],520.954,49.72407,555.42596,-0.00013880062,10.679137,0.0753468,-1.8490299e-08,1.1967721e-07,-2.2033303e-10,11405.467,11405.467,11405.467,11405.467,1400,1024,1024,1024
144,thrust,[5.280026],520.954,49.93794,555.4274,-0.00014037255,10.698067,0.07555757,5.7113272e-08,-1.0905731e-07,2.1519138e-10,11400.08,11400.082,11400.079,11400.08,1400,1024,1024,1024
145,thrust,[5.3100266],520.954,50.259434,555.4296,-0.00014271094,10.725529,0.07586967,-1.05509255e-08,-1.2001318e-07,1.0428034e-10,11392.257,11392.257,11392.257,11392.257,1400,1024,1024,1024
146,thrust,[5.330027],520.954,50.474213,555.4311,-0.00014425749,10.743235,0.076075114,-4.974363e-08,-5.944372e-08,2.8500258e-11,11387.205,11387.205,11387.205,11387.205,1400,1024,1024,1024
147,thrust,[5.3500276],520.954,50.689335,555.43256,-0.00014579411,10.760472,0.076278485,-7.119138e-08,-4.814833e-08,9.426876e-12,11382.281,11382.281,11382.281,11382.281,1400,1024,1024,1024
148,thrust,[5.3800282],520.954,51.01265,555.43494,-0.00014808048,10.785479,0.07657975,-1.7219003e-08,7.441867e-08,-6.501452e-11,11375.128,11375.128,11375.128,11375.128,1400,1024,1024,1024
149,thrust,[5.4000287],520.954,51.228603,555.4365,-0.000149592,10.8015995,0.076778114,-4.8279666e-08,6.028035e-08,-5.2936593e-11,11370.51,11370.51,11370.51,11370.51,1400,1024,1024,1024
150,thrust,[5.4300294],520.954,51.55312,555.4389,-0.00015184,10.824984,0.07707203,2.3512312e-08,4.3942645e-08,1.4896281e-10,11363.802,11363.802,11363.802,11363.802,1500,1024,1024,1024
151,thrust,[5.45003],520.954,51.770115,555.4405,-0.00015354075,10.866885,0.07731942,-1.1856526e-08,-3.3070013e-08,1.3744733e-10,13585.857,13585.857,13585.857,13585.857,1500,1024,1024,1024
152,thrust,[5.4700303],520.954,51.988464,555.4421,-0.00015543698,10.934085,0.07761567,-9.6084465e-09,-1.5724932e-07,2.523276e-10,13568.296,13568.296,13568.296,13568.296,1500,1024,1024,1024
153,thrust,[5.490031],520.954,52.208126,555.44366,-0.0001573118,10.999422,0.077906065,-4.211266e-08,-5.87068e-08,-1.750218e-10,13551.1455,13551.1455,13551.1455,13551.1455,1500,1024,1024,1024
154,thrust,[5.510031],520.954,52.42907,555.44525,-0.00015916508,11.062944,0.07819074,-3.4109043e-08,1.4245713e-08,-1.4502903e-10,13534.399,13534.399,13534.399,13534.399,1500,1024,1024,1024
155,thrust,[5.540032],520.954,52.762806,555.44763,-0.00016190449,11.154926,0.078607306,-6.537758e-08,1.0387085e-08,1.500999e-10,13510.022,13510.022,13510.022,13510.022,1500,1024,1024,1024
156,thrust,[5.5600324],520.954,52.986794,555.4492,-0.00016370432,11.214113,0.078878246,-2.5492469e-08,-6.025213e-08,1.2542467e-10,13494.257,13494.257,13494.257,13494.257,1500,1024,1024,1024
157,thrust,[5.590033],520.954,53.32494,555.4516,-0.00016636604,11.2998,0.079274826,8.540918e-09,2.4053598e-08,2.4899635e-10,13471.32,13471.32,13471.32,13471.32,1500,1024,1024,1024
158,thrust,[5.6100335],520.954,53.551765,555.4532,-0.0001681151,11.354926,0.07953283,-1.2697305e-07,1.4995064e-07,-3.4257625e-11,13456.492,13456.491,13456.493,13456.492,1500,1024,1024,1024
159,thrust,[5.640034],520.954,53.894016,555.45557,-0.00017070079,11.43472,0.07991058,-1.299895e-07,-1.9212003e-09,1.02637614e-10,13434.93,13434.931,13434.931,13434.932,1500,1024,1024,1024
160,thrust,[5.6600347],520.954,54.12348,555.45715,-0.0001724004,11.486046,0.08015639,-4.6929078e-08,-7.022321e-08,-4.6882304e-11,13421.001,13421.001,13421.001,13421.001,1500,1024,1024,1024
161,thrust,[5.680035],520.954,54.353954,555.45874,-0.00017408138,11.535922,0.08039753,-7.1110513e-09,1.1782486e-08,-1.8887268e-10,13407.418,13407.418,13407.418,13407.418,1500,1024,1024,1024
162,thrust,[5.710036],520.954,54.701485,555.4611,-0.00017656802,11.608101,0.08075072,-6.7325374e-08,8.592191e-09,1.3003462e-10,13387.677,13387.677,13387.677,13387.677,1500,1024,1024,1024
163,thrust,[5.7300363],520.954,54.934345,555.4627,-0.00017820293,11.654518,0.08098066,4.5030045e-08,6.956145e-09,1.1953621e-10,13374.931,13374.931,13374.931,13374.931,1500,1024,1024,1024
164,thrust,[5.7500367],520.954,55.168114,555.4643,-0.00017981984,11.699616,0.08120629,1.394758e-07,1.3609319e-07,-1.6404658e-10,13362.507,13362.506,13362.506,13362.505,1500,1024,1024,1024
165,thrust,[5.7800374],520.954,55.520416,555.4667,-0.00018221122,11.764867,0.08153691,1.549699e-08,-9.304595e-08,-2.8324912e-11,13344.462,13344.462,13344.462,13344.462,1500,1024,1024,1024
166,thrust,[5.800038],520.954,55.756344,555.46826,-0.0001837845,11.806821,0.08175225,1.2547903e-08,-2.0583013e-07,-2.9468483e-11,13332.816,13332.819,13332.816,13332.819,1500,1024,1024,1024
167,thrust,[5.8300385],520.954,56.11177,555.47064,-0.0001861139,11.867515,0.08206787,9.15782e-09,1.4108787e-07,-1.5888885e-10,13315.913,13315.913,13315.913,13315.913,1500,1024,1024,1024
168,thrust,[5.850039],520.954,56.349705,555.4722,-0.00018764529,11.906533,0.082273506,4.1744958e-08,-2.991589e-08,-1.07403655e-10,13305.008,13305.008,13305.008,13305.008,1500,1024,1024,1024
169,thrust,[5.8800397],520.954,56.708035,555.47473,-0.00018991208,11.962974,0.082575016,1.2690575e-07,-2.1812173e-08,-1.03006076e-10,13289.179,13289.18,13289.178,13289.179,1500,1024,1024,1024
170,thrust,[5.90004],520.954,56.947838,555.47644,-0.00019140357,11.999253,0.082771525,-2.4231344e-08,1.05933346e-07,2.9724584e-11,13278.973,13278.973,13278.973,13278.973,1500,1024,1024,1024
171,thrust,[5.930041],520.954,57.308872,555.479,-0.00019361098,12.051725,0.08305976,5.6831976e-08,-4.6373714e-08,1.5377338e-11,13264.166,13264.166,13264.166,13264.166,1500,1024,1024,1024
172,thrust,[5.9500413],520.954,57.55041,555.4807,-0.00019506396,12.085451,0.08324768,4.603144e-08,-1.062271e-07,1.6360073e-10,13254.619,13254.619,13254.619,13254.619,1500,1024,1024,1024
173,thrust,[5.980042],520.954,57.913956,555.4833,-0.00019721697,12.134224,0.083523415,-8.848917e-11,-7.125871e-08,2.2110147e-11,13240.773,13240.773,13240.773,13240.773,1500,1024,1024,1024
174,thrust,[6.0000424],520.954,58.157112,555.485,-0.00019863492,12.165568,0.08370325,3.0826264e-08,-8.8619686e-08,6.6725896e-11,13231.852,13231.852,13231.852,13231.852,1500,1024,1024,1024
175,thrust,[6.020043],520.954,58.40088,555.4867,-0.0002000392,12.196006,0.083879985,-4.0259714e-08,-6.5483823e-09,-6.3910655e-11,13223.168,13223.168,13223.168,13223.168,1500,1024,1024,1024
176,thrust,[6.0400434],520.954,58.645245,555.4884,-0.00020142956,12.225563,0.0840537,-3.2608035e-08,5.9927245e-08,-6.191576e-11,13214.72,13214.72,13214.72,13214.72,1500,1024,1024,1024
177,thrust,[6.060044],520.954,58.890186,555.4901,-0.00020280584,12.254264,0.08422447,7.9208675e-09,7.94391e-08,2.2252991e-11,13206.498,13206.498,13206.498,13206.498,1500,1024,1024,1024
178,thrust,[6.0900445],520.954,59.25865,555.4927,-0.00020484415,12.29576,0.084475234,-1.8601604e-08,5.7911965e-08,1.6027221e-11,13194.581,13194.581,13194.581,13194.581,1500,1024,1024,1024
179,thrust,[6.110045],520.954,59.504967,555.4944,-0.00020618609,12.322423,0.08463892,5.0165248e-08,8.12383e-08,-1.8947309e-10,13186.904,13186.904,13186.904,13186.904,1500,1024,1024,1024
180,thrust,[6.1300454],520.954,59.751804,555.4961,-0.0002075147,12.348311,0.0847999,1.0586407e-07,3.4902218e-08,1.6383847e-10,13179.439,13179.438,13179.438,13179.437,1500,1024,1024,1024
181,thrust,[6.160046],520.954,60.123005,555.49866,-0.00020948391,12.385738,0.08503642,4.558991e-08,4.5013785e-08,-1.23916e-10,13168.621,13168.621,13168.621,13168.621,1500,1024,1024,1024
182,thrust,[6.1800466],520.954,60.371082,555.50037,-0.00021078116,12.409783,0.08519089,6.782687e-08,3.64603e-08,2.0574473e-11,13161.656,13161.656,13161.656,13161.656,1500,1024,1024,1024
183,thrust,[6.200047],520.954,60.61963,555.5021,-0.00021206606,12.433126,0.08534288,-1.3728217e-08,-6.659544e-08,-7.268834e-11,13154.883,13154.883,13154.883,13154.883,1500,1024,1024,1024
184,thrust,[6.2300477],520.954,60.9933,555.50464,-0.00021397168,12.466871,0.085566305,9.230241e-08,-4.546161e-08,4.891924e-11,13145.072,13145.072,13145.072,13145.072,1500,1024,1024,1024
185,thrust,[6.2600484],520.954,61.367958,555.5072,-0.00021585157,12.499148,0.08578444,1.3741595e-09,6.985777e-08,-2.5285801e-11,13135.666,13135.666,13135.666,13135.666,1500,1024,1024,1024
186,thrust,[6.280049],520.954,61.61825,555.5089,-0.00021709029,12.519882,0.085927024,9.724466e-08,9.091356e-08,-8.857873e-11,13129.613,13129.612,13129.612,13129.61,1500,1024,1024,1024
187,thrust,[6.3100495],520.954,61.994453,555.5115,-0.00021892677,12.5498495,0.08613677,-8.429118e-08,4.8085504e-08,-3.8356193e-12,13120.848,13120.848,13120.848,13120.848,1500,1024,1024,1024
188,thrust,[6.33005],520.954,62.24574,555.5132,-0.00022013701,12.569098,0.08627393,3.8230237e-09,6.984553e-08,-1.3827059e-10,13115.207,13115.207,13115.207,13115.207,1500,1024,1024,1024
189,thrust,[6.3600507],520.954,62.62337,555.51575,-0.00022193114,12.596919,0.08647577,-7.1746338e-09,-9.636772e-08,4.8379356e-11,13107.043,13107.043,13107.043,13107.043,1500,1024,1024,1024
190,thrust,[6.380051],520.954,62.87558,555.51746,-0.000223114,12.614788,0.0866078,1.2808675e-07,-1.2831335e-08,-3.6944166e-11,13101.787,13101.788,13101.786,13101.787,1500,1024,1024,1024
191,thrust,[6.4000516],520.954,63.128136,555.51917,-0.0002242863,12.632132,0.08673786,-9.1943086e-08,6.779765e-09,-3.239617e-11,13096.686,13096.686,13096.686,13096.686,1500,1024,1024,1024
192,thrust,[6.4300523],520.954,63.507607,555.5217,-0.00022602535,12.657197,0.08692938,-3.922068e-08,-8.8098936e-08,1.0288491e-10,13089.296,13089.296,13089.296,13089.296,1500,1024,1024,1024
193,thrust,[6.4500527],520.954,63.76099,555.52344,-0.00022717273,12.673295,0.08705473,3.689347e-08,-1.3659404e-07,9.403393e-11,13084.543,13084.544,13084.541,13084.543,1500,1024,1024,1024
194,thrust,[6.4800534],520.954,64.14166,555.526,-0.00022887629,12.696558,0.08723938,-9.395239e-08,-4.704446e-08,-4.4488163e-11,13077.666,13077.666,13077.666,13077.666,1500,1024,1024,1024
195,thrust,[6.500054],520.954,64.39581,555.5277,-0.00023000021,12.711497,0.087360285,-1.10433696e-07,-3.8104925e-08,-1.0336534e-10,13073.242,13073.244,13073.244,13073.245,1500,1024,1024,1024
196,thrust,[6.5300546],520.954,64.777596,555.5303,-0.00023166854,12.733086,0.08753845,-5.5785936e-08,2.9671585e-11,-1.5507744e-10,13066.847,13066.847,13066.847,13066.847,1500,1024,1024,1024
197,thrust,[6.550055],520.954,65.03247,555.532,-0.00023276909,12.746949,0.08765515,-7.6084426e-08,3.4357846e-08,5.3376744e-11,13062.73,13062.73,13062.73,13062.73,1500,1024,1024,1024
198,thrust,[6.5800557],520.954,65.41528,555.53455,-0.00023440227,12.766981,0.08782719,1.3538302e-08,-8.790885e-08,1.1985649e-10,13056.779,13056.779,13056.779,13056.779,1500,1024,1024,1024
199,thrust,[6.600056],520.954,65.670815,555.53625,-0.00023547997,12.779845,0.08793993,-3.023013e-08,8.93234e-10,9.965436e-11,13052.95,13052.95,13052.95,13052.95,1500,1024,1024,1024
200,thrust,[6.630057],520.954,66.05458,555.5388,-0.00023708018,12.798432,0.08810619,-2.2037765e-08,6.5133965e-10,1.5847855e-10,13047.416,13047.416,13047.416,13047.416,1600,1024,1024,1024
201,thrust,[6.6500573],520.954,66.311005,555.5405,-0.0002383601,12.838343,0.088271305,1.3050913e-08,6.919036e-08,-2.7733943e-10,15530.017,15530.017,15530.017,15530.017,1600,1024,1024,1024
202,thrust,[6.670058],520.954,66.56876,555.54224,-0.00023984272,12.904575,0.08848752,-2.7199416e-08,-8.814976e-08,5.0883228e-11,15512.722,15512.722,15512.722,15512.722,1600,1024,1024,1024
203,thrust,[6.690058],520.954,66.82782,555.54407,-0.00024130131,12.968771,0.08869769,8.783445e-08,4.1256625e-09,-9.600146e-11,15495.88,15495.88,15495.88,15495.88,1600,1024,1024,1024
204,thrust,[6.7100587],520.954,67.088135,555.5459,-0.00024273632,13.030988,0.08890197,7.1145905e-08,3.3420022e-09,2.952695e-11,15479.481,15479.481,15479.481,15479.481,1600,1024,1024,1024
205,thrust,[6.7400594],520.954,67.48087,555.54865,-0.0002448453,13.12073,0.089197725,-1.6799188e-08,2.4388231e-09,4.645636e-11,15455.7,15455.7,15455.7,15455.7,1600,1024,1024,1024
206,thrust,[6.76006],520.954,67.744156,555.5505,-0.00024622292,13.178249,0.08938803,5.162864e-08,1.3243576e-07,-8.943234e-11,15440.375,15440.374,15440.374,15440.373,1600,1024,1024,1024
207,thrust,[6.7800603],520.954,68.00856,555.5523,-0.00024757802,13.233985,0.08957302,-9.68117e-09,5.2343307e-08,5.0745658e-11,15425.466,15425.466,15425.466,15425.466,1600,1024,1024,1024
208,thrust,[6.810061],520.954,68.407196,555.55505,-0.00024957056,13.314357,0.08984088,4.8556522e-08,-7.9260644e-08,-1.1729694e-10,15403.858,15403.858,15403.858,15403.858,1600,1024,1024,1024
209,thrust,[6.8300614],520.954,68.674255,555.5569,-0.00025087342,13.365858,0.09001325,1.3546583e-07,6.6258636e-08,4.639543e-11,15389.946,15389.944,15389.944,15389.943,1600,1024,1024,1024
210,thrust,[6.860062],520.954,69.07672,555.55963,-0.00025278958,13.440112,0.09026285,1.0836563e-07,-7.31622e-09,2.2082086e-11,15369.794,15369.794,15369.794,15369.794,1600,1024,1024,1024
211,thrust,[6.8800626],520.954,69.346245,555.56146,-0.0002540425,13.487685,0.090423495,8.434783e-08,1.3140307e-07,-1.3690855e-10,15356.825,15356.824,15356.824,15356.822,1600,1024,1024,1024
212,thrust,[6.9100633],520.954,69.75225,555.5642,-0.00025588562,13.556266,0.09065615,-5.2843326e-08,-8.410442e-08,-2.0150367e-11,15338.051,15338.051,15338.051,15338.051,1600,1024,1024,1024
213,thrust,[6.9300637],520.954,70.02403,555.56604,-0.00025709177,13.600198,0.090805896,-7.026621e-08,7.4077575e-09,7.33498e-11,15325.975,15325.975,15325.975,15325.975,1600,1024,1024,1024
214,thrust,[6.950064],520.954,70.29668,555.5679,-0.00025828008,13.642749,0.09095151,-5.6913173e-08,7.4664456e-08,-1.9901937e-10,15314.239,15314.239,15314.239,15314.239,1600,1024,1024,1024
215,thrust,[6.980065],520.954,70.70719,555.5706,-0.0002600286,13.704078,0.09116244,9.17193e-08,4.824578e-08,-1.5576271e-10,15297.262,15297.262,15297.262,15297.262,1600,1024,1024,1024
216,thrust,[7.0000653],520.954,70.981865,555.57245,-0.00026117242,13.743356,0.091298245,-1.8406965e-08,-2.9581246e-08,3.9974343e-10,15286.349,15286.349,15286.349,15286.349,1600,1024,1024,1024
217,thrust,[7.030066],520.954,71.39531,555.5752,-0.00026285756,13.79996,0.091495,-5.7022653e-08,-7.71823e-08,-7.078087e-11,15270.564,15270.564,15270.564,15270.564,1600,1024,1024,1024
218,thrust,[7.0500665],520.954,71.67185,555.577,-0.00026396144,13.836209,0.0916217,-4.9621576e-08,-6.251754e-08,-5.7360006e-11,15260.42,15260.42,15260.42,15260.42,1600,1024,1024,1024
219,thrust,[7.080067],520.954,72.08799,555.5798,-0.00026558826,13.888442,0.0918053,-1.8398651e-09,1.0041938e-08,-2.03357e-11,15245.757,15245.757,15245.757,15245.757,1600,1024,1024,1024
220,thrust,[7.1000676],520.954,72.366264,555.5816,-0.00026665363,13.921888,0.09192355,-1.0792034e-07,8.1377705e-09,-1.7324045e-11,15236.338,15236.338,15236.338,15236.338,1600,1024,1024,1024
221,thrust,[7.1300683],520.954,72.78489,555.58435,-0.0002682238,13.9700775,0.09209495,-1.1643698e-07,7.4597956e-08,-2.713646e-10,15222.723,15222.722,15222.725,15222.723,1600,1024,1024,1024
222,thrust,[7.160069],520.954,73.20491,555.5871,-0.00026976113,14.015986,0.09225947,-2.9264053e-08,6.056021e-08,3.1622704e-11,15209.71,15209.71,15209.71,15209.71,1600,1024,1024,1024
223,thrust,[7.1900697],520.954,73.62627,555.58984,-0.00027126682,14.05972,0.0924174,-4.8801052e-08,-4.6023123e-09,1.4744625e-10,15197.27,15197.27,15197.27,15197.27,1600,1024,1024,1024
224,thrust,[7.2300706],520.954,74.19005,555.5935,-0.00027322883,14.114822,0.092618234,6.754121e-08,-1.15564085e-07,3.353529e-10,15181.537,15181.539,15181.536,15181.537,1600,1024,1024,1024
225,thrust,[7.250071],520.954,74.47274,555.59534,-0.00027419103,14.141061,0.09271467,-1.0513868e-08,1.6045402e-07,-9.0981556e-11,15174.024,15174.024,15174.024,15174.024,1600,1024,1024,1024
226,thrust,[7.2800717],520.954,74.897736,555.5981,-0.000275609,14.178855,0.09285455,9.224233e-08,1.1765401e-07,-9.1043104e-11,15163.176,15163.174,15163.174,15163.173,1600,1024,1024,1024
227,thrust,[7.300072],520.954,75.18167,555.5999,-0.00027653825,14.203046,0.09294474,-5.231533e-08,3.3506048e-08,-8.4910995e-11,15156.214,15156.214,15156.214,15156.214,1600,1024,1024,1024
228,thrust,[7.3200727],520.954,75.46609,555.60175,-0.00027745537,14.226462,0.09303257,-4.5808648e-08,2.714026e-08,5.1893784e-11,15149.465,15149.465,15149.465,15149.465,1600,1024,1024,1024
229,thrust,[7.340073],520.954,75.75096,555.6036,-0.00027836068,14.249129,0.0931181,-9.8903094e-08,2.1985818e-08,4.1539498e-11,15142.921,15142.921,15142.921,15142.921,1600,1024,1024,1024
230,thrust,[7.380074],520.954,76.32201,555.60724,-0.0002801375,14.292306,0.09328254,-9.987666e-08,-3.5012185e-08,1.5028259e-10,15130.423,15130.423,15130.423,15130.423,1600,1024,1024,1024
231,thrust,[7.4000745],520.954,76.60816,555.6091,-0.00028100982,14.31286,0.09336159,-8.799873e-09,4.030197e-08,-1.5428665e-11,15124.459,15124.459,15124.459,15124.459,1600,1024,1024,1024
232,thrust,[7.430075],520.954,77.03814,555.6118,-0.00028229808,14.342459,0.09347637,8.0102225e-08,2.9377285e-08,1.10144e-10,15115.854,15115.854,15115.854,15115.854,1600,1024,1024,1024
233,thrust,[7.4500756],520.954,77.32527,555.61365,-0.00028314377,14.361401,0.09355045,2.7117542e-08,3.0663145e-08,-4.5558102e-11,15110.337,15110.337,15110.337,15110.337,1600,1024,1024,1024
234,thrust,[7.4800763],520.954,77.75667,555.6164,-0.00028439364,14.388677,0.09365806,-9.009387e-08,4.227004e-08,-7.403397e-11,15102.378,15102.378,15102.378,15102.378,1600,1024,1024,1024
235,thrust,[7.500077],520.954,78.0447,555.6182,-0.00028521463,14.406131,0.09372754,2.5525169e-09,-3.4428652e-08,-5.57389e-11,15097.277,15097.277,15097.277,15097.277,1600,1024,1024,1024
236,thrust,[7.520077],520.954,78.333084,555.62006,-0.0002860261,14.423023,0.09379527,-2.8831506e-08,-2.788637e-08,-1.7950597e-10,15092.334,15092.334,15092.334,15092.334,1600,1024,1024,1024
237,thrust,[7.5400777],520.954,78.62179,555.6219,-0.0002868283,14.439371,0.09386131,-8.8584834e-08,-2.2585656e-08,-1.5933292e-10,15087.544,15087.544,15087.544,15087.544,1600,1024,1024,1024
238,thrust,[7.5800786],520.954,79.20015,555.62555,-0.00028840514,14.470503,0.093988515,6.8297574e-08,1.7125834e-07,-1.1334886e-10,15078.406,15078.404,15078.404,15078.403,1600,1024,1024,1024
239,thrust,[7.600079],520.954,79.489784,555.6274,-0.00028917912,14.485319,0.09404978,3.8204235e-09,7.692284e-08,-1.0237375e-10,15074.049,15074.049,15074.049,15074.049,1600,1024,1024,1024
240,thrust,[7.6300797],520.954,79.924774,555.6301,-0.00029032255,14.506651,0.094138876,3.3683417e-08,3.616314e-08,6.07779e-11,15067.769,15067.769,15067.769,15067.769,1600,1024,1024,1024
241,thrust,[7.65008],520.954,80.21511,555.63196,-0.00029107358,14.5203,0.09419647,9.251489e-08,2.9289813e-08,4.975162e-11,15063.743,15063.743,15063.743,15063.743,1600,1024,1024,1024
242,thrust,[7.680081],520.954,80.651115,555.6347,-0.0002921843,14.53995,0.094280265,5.645257e-09,2.1354538e-08,6.259694e-11,15057.94,15057.94,15057.94,15057.94,1600,1024,1024,1024
243,thrust,[7.7100816],520.954,81.087685,555.63745,-0.00029327668,14.558654,0.094361074,7.930307e-08,1.5564503e-08,-8.787601e-11,15052.411,15052.411,15052.411,15052.411,1600,1024,1024,1024
244,thrust,[7.730082],520.954,81.379036,555.6393,-0.00029399517,14.570621,0.09441335,6.4230825e-08,-1.17855684e-07,-7.770462e-11,15048.868,15048.869,15048.866,15048.868,1600,1024,1024,1024
245,thrust,[7.7600827],520.954,81.816505,555.642,-0.00029505964,14.587849,0.09448946,-3.694673e-08,-9.277932e-08,4.1645493e-10,15043.765,15043.765,15043.765,15043.765,1600,1024,1024,1024
246,thrust,[7.780083],520.954,82.10843,555.64386,-0.00029576066,14.59887,0.09453873,-2.6498283e-08,-2.0561444e-07,2.503649e-10,15040.493,15040.494,15040.494,15040.496,1600,1024,1024,1024
247,thrust,[7.8000836],520.954,82.400566,555.6457,-0.0002964555,14.609534,0.09458685,-3.1761083e-08,-1.0474912e-07,1.9945119e-10,15037.329,15037.329,15037.329,15037.329,1600,1024,1024,1024
248,thrust,[7.8300843],520.954,82.839165,555.6486,-0.0002974857,14.624886,0.09465697,4.5167614e-08,-7.0185024e-08,-1.9005353e-12,15032.767,15032.767,15032.767,15032.767,1600,1024,1024,1024
249,thrust,[7.850085],520.954,83.13181,555.6506,-0.0002981644,14.634706,0.09470238,3.6585767e-08,-5.6849597e-08,1.3257073e-10,15029.845,15029.845,15029.845,15029.845,1600,1024,1024,1024
250,thrust,[7.8800855],520.954,83.57114,555.6535,-0.0002991703,14.648843,0.09476857,9.1904795e-08,2.7218759e-08,-2.715681e-11,15025.636,15025.636,15025.636,15025.636,1700,1024,1024,1024
251,thrust,[7.900086],520.954,83.86455,555.65546,-0.00030006623,14.687081,0.09487002,-6.631723e-08,8.3850225e-08,-1.3367388e-10,17802.295,17802.295,17802.295,17802.295,1700,1024,1024,1024
252,thrust,[7.9200864],520.954,84.15928,555.6574,-0.0003011742,14.752738,0.09502508,-5.0288634e-08,-6.941029e-08,1.6722014e-10,17786.074,17786.074,17786.074,17786.074,1700,1024,1024,1024
253,thrust,[7.940087],520.954,84.45529,555.65936,-0.00030225722,14.816184,0.095174015,1.0003122e-07,1.9303274e-08,-1.3563149e-10,17770.32,17770.32,17770.32,17770.32,1700,1024,1024,1024
254,thrust,[7.9600873],520.954,84.75253,555.6613,-0.00030331576,14.877491,0.09531703,8.102774e-08,8.430007e-08,-2.475957e-10,17755.025,17755.025,17755.025,17755.023,1700,1024,1024,1024
255,thrust,[7.9800878],520.954,85.05097,555.66327,-0.00030435002,14.936727,0.09545433,3.9893855e-10,6.4879138e-09,1.7769529e-10,17740.178,17740.178,17740.178,17740.178,1700,1024,1024,1024
256,thrust,[8.010088],520.954,85.500786,555.6662,-0.00030585798,15.021842,0.09564997,5.899901e-08,4.7271076e-09,-1.1138842e-10,17718.725,17718.725,17718.725,17718.725,1700,1024,1024,1024
257,thrust,[8.040089],520.954,85.953064,555.6691,-0.00030731596,15.102662,0.09583379,-2.8748838e-08,-1.2701358e-07,2.630661e-10,17698.223,17698.223,17698.223,17698.223,1700,1024,1024,1024
258,thrust,[8.060089],520.954,86.25589,555.6711,-0.00030826192,15.15426,0.095950074,7.617151e-09,2.7580034e-08,-1.6906265e-10,17685.064,17685.064,17685.064,17685.064,1700,1024,1024,1024
259,thrust,[8.08009],520.954,86.55972,555.67303,-0.000309187,15.2041,0.09606154,1.3036103e-08,1.547311e-08,-1.365234e-10,17672.305,17672.305,17672.305,17672.305,1700,1024,1024,1024
260,thrust,[8.11009],520.954,87.01728,555.67596,-0.0003105372,15.275692,0.096220076,-5.8822096e-08,-1.06134294e-07,-1.0594596e-10,17653.887,17653.889,17653.889,17653.89,1700,1024,1024,1024
261,thrust,[8.130091],520.954,87.32348,555.6779,-0.0003114138,15.321387,0.09632022,-1.3309212e-08,3.7627213e-08,2.968554e-10,17642.08,17642.08,17642.08,17642.08,1700,1024,1024,1024
262,thrust,[8.160091],520.954,87.78444,555.68085,-0.00031269348,15.387014,0.09646249,3.0807467e-08,-3.437019e-08,-1.5819716e-10,17625.047,17625.047,17625.047,17625.047,1700,1024,1024,1024
263,thrust,[8.180092],520.954,88.09281,555.6828,-0.00031352433,15.428897,0.09655226,5.585554e-08,4.082395e-08,-2.4227929e-11,17614.129,17614.129,17614.129,17614.129,1700,1024,1024,1024
264,thrust,[8.210093],520.954,88.55689,555.6857,-0.00031473773,15.48904,0.09667964,6.2345585e-08,-3.8217888e-08,1.2020872e-10,17598.389,17598.389,17598.389,17598.389,1700,1024,1024,1024
265,thrust,[8.230093],520.954,88.86725,555.6877,-0.00031552595,15.527418,0.096759915,4.3635918e-08,3.7708208e-08,-2.7008645e-11,17588.307,17588.307,17588.307,17588.307,1700,1024,1024,1024
266,thrust,[8.250093],520.954,89.17836,555.68964,-0.00031629798,15.564475,0.09683662,1.008159e-09,-9.991779e-08,1.05431795e-10,17578.543,17578.543,17578.543,17578.543,1700,1024,1024,1024
267,thrust,[8.280094],520.954,89.64636,555.69257,-0.00031742777,15.617681,0.096945256,-6.449637e-08,-7.283798e-08,-4.302091e-11,17564.47,17564.47,17564.47,17564.47,1700,1024,1024,1024
268,thrust,[8.310095],520.954,90.11591,555.6955,-0.0003185244,15.668156,0.09704656,-6.0059925e-08,6.431829e-08,1.3298904e-11,17551.066,17551.066,17551.066,17551.066,1700,1024,1024,1024
269,thrust,[8.330095],520.954,90.42976,555.69745,-0.00031923686,15.7003565,0.09711021,1.6582783e-08,5.209549e-08,1.12946805e-11,17542.486,17542.486,17542.486,17542.486,1700,1024,1024,1024
270,thrust,[8.360096],520.954,90.9017,555.7004,-0.00032027875,15.746581,0.09720014,4.6421125e-08,3.7976356e-08,-3.5611167e-12,17530.13,17530.13,17530.13,17530.13,1700,1024,1024,1024
271,thrust,[8.380096],520.954,91.21708,555.70233,-0.00032095614,15.776068,0.09725655,7.1933385e-08,3.075963e-08,-2.6095445e-12,17522.229,17522.229,17522.229,17522.229,1700,1024,1024,1024
272,thrust,[8.410097],520.954,91.69121,555.70526,-0.00032194777,15.818392,0.09733609,-1.5542883e-08,-1.011703e-07,-2.1405613e-11,17510.85,17510.85,17510.85,17510.85,1700,1024,1024,1024
273,thrust,[8.430098],520.954,92.00798,555.7072,-0.00032259402,15.845388,0.09738588,-8.4687265e-08,-7.507921e-08,-1.7921076e-10,17503.568,17503.568,17503.568,17503.57,1700,1024,1024,1024
274,thrust,[8.450098],520.954,92.32528,555.70917,-0.0003232288,15.871448,0.097433195,5.4997045e-08,-1.2948277e-07,8.7440284e-11,17496.527,17496.527,17496.525,17496.527,1700,1024,1024,1024
275,thrust,[8.480099],520.954,92.80218,555.7121,-0.0003241599,15.908848,0.097499706,3.9756166e-08,9.168791e-08,-1.7540633e-10,17486.398,17486.398,17486.398,17486.398,1700,1024,1024,1024
276,thrust,[8.500099],520.954,93.12071,555.71405,-0.0003247658,15.9327,0.097541206,-7.078968e-08,2.0473347e-07,-2.9730965e-10,17479.92,17479.918,17479.922,17479.92,1700,1024,1024,1024
277,thrust,[8.5301],520.954,93.59938,555.717,-0.00032565196,15.96693,0.0975994,-3.3406895e-08,2.2409449e-07,-2.4602304e-10,17470.605,17470.602,17470.605,17470.602,1700,1024,1024,1024
278,thrust,[8.5501],520.954,93.91905,555.71893,-0.00032622804,15.988759,0.09763561,-2.7066452e-08,-1.0743557e-08,3.2048506e-10,17464.65,17464.65,17464.65,17464.65,1700,1024,1024,1024
279,thrust,[8.570101],520.954,94.23914,555.7209,-0.00032679393,16.009827,0.09766984,1.927515e-08,-1.8375236e-09,1.3886121e-10,17458.893,17458.893,17458.893,17458.893,1700,1024,1024,1024
280,thrust,[8.590101],520.954,94.55965,555.72284,-0.00032735014,16.03016,0.09770216,4.9940486e-08,-1.3195225e-07,2.5374688e-10,17453.326,17453.328,17453.326,17453.326,1700,1024,1024,1024
281,thrust,[8.610102],520.954,94.88055,555.7248,-0.00032789732,16.049784,0.09773264,7.478627e-08,-4.50851e-08,-1.8637056e-10,17447.947,17447.947,17447.947,17447.947,1700,1024,1024,1024
282,thrust,[8.630102],520.954,95.20183,555.72675,-0.00032843536,16.068722,0.097761355,-1.2212178e-09,-3.6516454e-08,-1.7344876e-11,17442.746,17442.746,17442.746,17442.746,1700,1024,1024,1024
283,thrust,[8.660103],520.954,95.68444,555.7297,-0.00032922573,16.095896,0.09780126,5.816124e-08,-2.6622898e-08,-1.5969262e-10,17435.271,17435.271,17435.271,17435.271,1700,1024,1024,1024
284,thrust,[8.680103],520.954,96.00662,555.7316,-0.0003297418,16.11322,0.09782584,8.1442884e-08,-2.1565553e-08,-2.178787e-11,17430.496,17430.496,17430.496,17430.496,1700,1024,1024,1024
285,thrust,[8.710104],520.954,96.490524,555.73456,-0.00033050016,16.138079,0.09785982,-1.6154237e-08,1.2161058e-07,-1.3236343e-10,17423.633,17423.633,17423.633,17423.633,1700,1024,1024,1024
286,thrust,[8.730104],520.954,96.81352,555.7365,-0.00033099484,16.153929,0.09788064,2.124734e-08,9.850358e-08,1.3759703e-11,17419.25,17419.25,17419.25,17419.25,1700,1024,1024,1024
287,thrust,[8.760105],520.954,97.29859,555.73944,-0.0003317206,16.176668,0.09790924,5.600139e-08,7.18076e-08,-1.6466939e-11,17412.953,17412.953,17412.953,17412.953,1700,1024,1024,1024
288,thrust,[8.780106],520.954,97.622345,555.7414,-0.00033219415,16.191166,0.09792665,5.222758e-08,5.8163632e-08,-1.4739347e-10,17408.932,17408.932,17408.932,17408.932,1700,1024,1024,1024
289,thrust,[8.810106],520.954,98.10849,555.7443,-0.0003328894,16.211964,0.09795037,-6.4231834e-08,1.6668773e-07,-2.6234695e-10,17403.152,17403.15,17403.154,17403.152,1700,1024,1024,1024
290,thrust,[8.830107],520.954,98.43293,555.7463,-0.00033334267,16.225224,0.097964674,4.410503e-08,2.0367911e-07,1.8697566e-10,17399.465,17399.465,17399.465,17399.463,1700,1024,1024,1024
291,thrust,[8.850107],520.954,98.75762,555.7482,-0.00033378767,16.238018,0.09797783,-2.9513604e-08,-4.1011905e-08,4.1097955e-11,17395.902,17395.902,17395.902,17395.902,1700,1024,1024,1024
292,thrust,[8.880108],520.954,99.24514,555.75116,-0.000334442,16.25637,0.09799549,6.2957124e-09,2.5719507e-08,-8.1380985e-11,17390.785,17390.785,17390.785,17390.785,1700,1024,1024,1024
293,thrust,[8.900108],520.954,99.57044,555.7531,-0.00033486975,16.268072,0.09800595,5.0995235e-09,2.0833578e-08,3.230009e-10,17387.52,17387.52,17387.52,17387.52,1700,1024,1024,1024
294,thrust,[8.930109],520.954,100.05882,555.75604,-0.00033549932,16.284857,0.098019764,3.1522035e-08,-1.1527665e-07,3.6043554e-11,17382.828,17382.828,17382.828,17382.828,1700,1024,1024,1024
295,thrust,[8.9501095],520.954,100.38468,555.758,-0.0003359121,16.295557,0.09802779,5.6429684e-08,-1.5517345e-07,1.9291763e-11,17379.832,17379.834,17379.83,17379.832,1700,1024,1024,1024
296,thrust,[8.97011],520.954,100.71075,555.75995,-0.00033631982,16.30588,0.098034896,2.511089e-08,-6.3891534e-08,-1.2097406e-12,17376.943,17376.943,17376.943,17376.943,1700,1024,1024,1024
297,thrust,[8.99011],520.954,101.03701,555.7619,-0.00033672224,16.315838,0.09804113,-5.1757713e-08,-4.488313e-08,-1.533007e-11,17374.152,17374.152,17374.152,17374.152,1700,1024,1024,1024
298,thrust,[9.010111],520.954,101.36347,555.76385,-0.0003371195,16.325447,0.098046534,-1.4462588e-08,-1.668187e-07,2.6290586e-10,17371.453,17371.455,17371.455,17371.457,1700,1024,1024,1024
299,thrust,[9.040112],520.954,101.85351,555.7668,-0.0003377067,16.339231,0.098053135,-4.1094292e-08,8.853011e-09,1.02723365e-10,17367.586,17367.586,17367.586,17367.586,1700,1024,1024,1024
300,thrust,[9.060112],520.954,102.18043,555.76874,-0.0003380918,16.348019,0.098056585,1.0412408e-09,-1.2329347e-07,-5.7157057e-11,17365.117,17365.117,17365.117,17365.117,1800,1024,1024,1024
301,thrust,[9.080112],520.954,102.507515,555.7707,-0.00033847248,16.356495,0.09805931,-7.125166e-08,-2.4333792e-08,4.3017288e-11,20476.666,20476.666,20476.666,20476.666,1800,1024,1024,1024
302,thrust,[9.110113],520.954,103.00026,555.7736,-0.00033975058,16.458471,0.098241225,1.6023051e-07,-3.1480127e-08,-1.0032653e-10,20454.955,20454.955,20454.951,20454.951,1800,1024,1024,1024
303,thrust,[9.130114],520.954,103.33041,555.7756,-0.00034056927,16.52337,0.098354496,-1.3113856e-07,-2.5489038e-08,1.8486589e-10,20441.037,20441.04,20441.04,20441.041,1800,1024,1024,1024
304,thrust,[9.150114],520.954,103.66181,555.7775,-0.00034136247,16.5859,0.09846165,8.604071e-08,4.114469e-08,-1.201996e-10,20427.564,20427.564,20427.564,20427.564,1800,1024,1024,1024
305,thrust,[9.180115],520.954,104.16119,555.78046,-0.00034250572,16.675434,0.098611414,1.3138602e-07,-3.1805993e-08,1.006208e-11,20408.146,20408.148,20408.146,20408.146,1800,1024,1024,1024
306,thrust,[9.200115],520.954,104.49555,555.7824,-0.00034323847,16.732397,0.09870427,7.896152e-08,1.0470052e-07,-2.537621e-10,20395.719,20395.717,20395.717,20395.717,1800,1024,1024,1024
307,thrust,[9.230116],520.954,104.99916,555.78534,-0.00034429465,16.813946,0.098833606,-4.582668e-09,-4.108701e-08,1.7341414e-10,20377.822,20377.822,20377.822,20377.822,1800,1024,1024,1024
308,thrust,[9.260117],520.954,105.50513,555.78827,-0.00034530292,16.891037,0.09895161,-4.110627e-08,-2.99513e-08,1.7487161e-11,20360.791,20360.791,20360.791,20360.791,1800,1024,1024,1024
309,thrust,[9.280117],520.954,105.84369,555.7902,-0.00034594972,16.940073,0.09902431,-3.3298527e-08,-9.292498e-08,1.5189736e-10,20349.9,20349.9,20349.9,20349.9,1800,1024,1024,1024
310,thrust,[9.310118],520.954,106.35331,555.79315,-0.00034688384,17.010256,0.09912487,-6.169481e-08,-1.2122516e-08,1.3163887e-10,20334.234,20334.234,20334.234,20334.234,1800,1024,1024,1024
311,thrust,[9.330118],520.954,106.69418,555.7951,-0.00034748312,17.054888,0.0991865,-4.99728e-08,-9.819211e-09,1.200385e-10,20324.225,20324.225,20324.225,20324.225,1800,1024,1024,1024
312,thrust,[9.350119],520.954,107.035934,555.79706,-0.0003480645,17.097868,0.09924401,-4.0480167e-08,-6.975209e-08,-4.7029547e-11,20314.549,20314.549,20314.549,20314.549,1800,1024,1024,1024
313,thrust,[9.380119],520.954,107.55011,555.8,-0.00034890496,17.15937,0.09932291,-5.044782e-08,8.6480846e-08,-4.3039294e-11,20300.64,20300.64,20300.64,20300.64,1800,1024,1024,1024
314,thrust,[9.40012],520.954,107.89388,555.80194,-0.00034944413,17.198475,0.099370815,-7.862578e-08,1.3871528e-07,-1.5948651e-10,20291.762,20291.76,20291.762,20291.762,1800,1024,1024,1024
315,thrust,[9.43012],520.954,108.410965,555.8049,-0.00035022208,17.254425,0.099436015,-8.227015e-09,-1.0114888e-08,-3.2720354e-14,20279.006,20279.006,20279.006,20279.006,1800,1024,1024,1024
316,thrust,[9.450121],520.954,108.756584,555.8068,-0.00035072168,17.289995,0.09947525,-1.0097109e-08,-8.193232e-09,-1.475752e-10,20270.863,20270.863,20270.863,20270.863,1800,1024,1024,1024
317,thrust,[9.480122],520.954,109.276306,555.80975,-0.00035144383,17.340883,0.099528104,2.0448347e-08,-5.973614e-09,1.4680744e-11,20259.174,20259.174,20259.174,20259.174,1800,1024,1024,1024
318,thrust,[9.500122],520.954,109.623604,555.8117,-0.00035190795,17.373234,0.09955953,-4.523959e-08,-1.3529936e-07,4.8688553e-12,20251.71,20251.713,20251.713,20251.713,1800,1024,1024,1024
319,thrust,[9.520123],520.954,109.971535,555.81366,-0.00035235935,17.404375,0.09958805,8.695678e-08,2.0865992e-08,-1.536035e-11,20244.516,20244.516,20244.516,20244.516,1800,1024,1024,1024
320,thrust,[9.550123],520.954,110.49457,555.8166,-0.00035301188,17.448921,0.099625655,2.9061445e-08,7.769714e-08,-1.4887977e-10,20234.182,20234.182,20234.182,20234.182,1800,1024,1024,1024
321,thrust,[9.570124],520.954,110.84397,555.81854,-0.00035343072,17.477234,0.09964744,-7.357071e-09,1.247343e-07,2.3420543e-11,20227.596,20227.596,20227.596,20227.596,1800,1024,1024,1024
322,thrust,[9.600124],520.954,111.3691,555.8215,-0.00035403518,17.517727,0.09967546,-8.45787e-09,-3.9530956e-08,2.9081132e-10,20218.148,20218.148,20218.148,20218.148,1800,1024,1024,1024
323,thrust,[9.620125],520.954,111.71985,555.8234,-0.00035442392,17.543463,0.09969119,-3.774992e-08,-3.201919e-08,1.2802155e-10,20212.125,20212.125,20212.125,20212.125,1800,1024,1024,1024
324,thrust,[9.640125],520.954,112.07109,555.8254,-0.00035480203,17.568235,0.099704675,-6.4909706e-08,-2.5934533e-08,-3.865689e-12,20206.312,20206.312,20206.312,20206.312,1800,1024,1024,1024
325,thrust,[9.660126],520.954,112.42281,555.82733,-0.0003551698,17.592077,0.099716015,-5.601009e-08,-2.1006606e-08,1.1754044e-10,20200.71,20200.71,20200.71,20200.71,1800,1024,1024,1024
326,thrust,[9.680126],520.954,112.774994,555.8293,-0.00035552753,17.615025,0.099725306,-4.536817e-08,-1.701559e-08,-2.5491408e-11,20195.307,20195.307,20195.307,20195.307,1800,1024,1024,1024
327,thrust,[9.700127],520.954,113.127625,555.83124,-0.00035587556,17.63711,0.09973263,1.0172857e-09,-1.3783978e-08,-2.034549e-11,20190.096,20190.096,20190.096,20190.096,1800,1024,1024,1024
328,thrust,[9.720127],520.954,113.48068,555.8332,-0.00035621435,17.658365,0.09973807,-3.6943707e-08,-7.29619e-08,-2.6932762e-11,20185.072,20185.072,20185.072,20185.072,1800,1024,1024,1024
329,thrust,[9.750128],520.954,114.01105,555.8361,-0.0003567063,17.688759,0.09974288,-3.036053e-08,7.727329e-08,-2.813546e-10,20177.87,20177.87,20177.87,20177.87,1800,1024,1024,1024
330,thrust,[9.770128],520.954,114.36511,555.8381,-0.00035702283,17.70807,0.09974398,6.3116796e-09,1.9305315e-07,-2.345334e-10,20173.283,20173.281,20173.283,20173.281,1800,1024,1024,1024
331,thrust,[9.800129],520.954,114.89692,555.841,-0.00035748028,17.735685,0.099742636,-5.1021047e-08,2.9500937e-08,-1.6555096e-10,20166.715,20166.715,20166.715,20166.715,1800,1024,1024,1024
332,thrust,[9.820129],520.954,115.2519,555.84296,-0.0003577749,17.753231,0.09973986,-1.0427997e-08,2.38946e-08,-1.6067088e-10,20162.531,20162.531,20162.531,20162.531,1800,1024,1024,1024
333,thrust,[9.86013],520.954,115.96287,555.84686,-0.00035834083,17.786364,0.099730074,4.9083006e-08,-5.2988728e-08,2.5123043e-10,20154.615,20154.615,20154.615,20154.615,1800,1024,1024,1024
334,thrust,[9.900131],520.954,116.67509,555.85077,-0.00035887954,17.817043,0.099715084,-9.551915e-08,-2.1528108e-07,3.9223985e-11,20147.264,20147.266,20147.266,20147.266,1800,1024,1024,1024
335,thrust,[9.920132],520.954,117.03165,555.8527,-0.00035914034,17.831518,0.09970579,-1.1513159e-07,-5.077981e-08,5.1769172e-11,20143.787,20143.79,20143.79,20143.791,1800,1024,1024,1024
336,thrust,[9.950132],520.954,117.567,555.85565,-0.0003595197,17.852213,0.09968975,-6.229961e-08,1.859917e-08,4.83893e-11,20138.816,20138.816,20138.816,20138.816,1800,1024,1024,1024
337,thrust,[9.980133],520.954,118.10296,555.8586,-0.00035988487,17.871746,0.099671364,-7.994233e-09,1.3557751e-08,1.8309687e-10,20134.11,20134.11,20134.11,20134.11,1800,1024,1024,1024
338,thrust,[10.010134],520.954,118.63948,555.8615,-0.00036023656,17.890182,0.099650785,-5.8277942e-09,9.883381e-09,2.484838e-11,20129.662,20129.662,20129.662,20129.662,1800,1024,1024,1024
339,thrust,[10.050135],520.954,119.35567,555.8654,-0.00036068473,17.913166,0.09962023,-4.7110383e-08,1.8082517e-07,-2.3732397e-10,20124.105,20124.104,20124.107,20124.105,1800,1024,1024,1024
340,thrust,[10.080135],520.954,119.89338,555.86835,-0.00036100447,17.929276,0.09959517,5.9040538e-08,1.3799831e-07,-3.8477332e-11,20120.209,20120.207,20120.207,20120.205,1800,1024,1024,1024
341,thrust,[10.100136],520.954,120.25212,555.8703,-0.00036121043,17.939507,0.09957751,-1.3979672e-08,-1.1815584e-08,-1.1728269e-11,20117.727,20117.727,20117.727,20117.727,1800,1024,1024,1024
342,thrust,[10.120136],520.954,120.61106,555.87225,-0.0003614117,17.949352,0.09955914,2.3008742e-08,-9.571875e-09,-2.2636093e-11,20115.34,20115.34,20115.34,20115.34,1800,1024,1024,1024
343,thrust,[10.150137],520.954,121.149826,555.8752,-0.00036170508,17.963425,0.09953034,-4.8457952e-08,-6.9752972e-09,1.1708629e-10,20111.922,20111.922,20111.922,20111.922,1800,1024,1024,1024
344,thrust,[10.170137],520.954,121.50923,555.87714,-0.00036189533,17.972364,0.09951036,-3.925315e-08,-6.744878e-08,-1.8353039e-10,20109.75,20109.75,20109.75,20109.75,1800,1024,1024,1024
345,thrust,[10.200138],520.954,122.04865,555.88007,-0.00036217368,17.985142,0.099479295,9.87572e-08,-4.917448e-08,-2.548562e-11,20106.639,20106.64,20106.637,20106.639,1800,1024,1024,1024
346,thrust,[10.230139],520.954,122.58845,555.883,-0.00036244333,17.997198,0.09944702,2.2900831e-08,1.9771973e-08,-1.1178305e-11,20103.703,20103.703,20103.703,20103.703,1800,1024,1024,1024
347,thrust,[10.260139],520.954,123.128586,555.8859,-0.00036270398,18.008575,0.09941363,4.7937075e-08,1.4412655e-08,-6.5577127e-12,20100.928,20100.928,20100.928,20100.928,1800,1024,1024,1024
348,thrust,[10.30014],520.954,123.84929,555.88983,-0.0003630383,18.022755,0.09936757,9.01597e-08,9.454049e-09,-1.2843667e-12,20097.469,20097.469,20097.469,20097.469,1800,1024,1024,1024
349,thrust,[10.330141],520.954,124.390175,555.89276,-0.00036327975,18.03269,0.09933197,-3.0747273e-08,6.895423e-09,-1.377862e-11,20095.04,20095.04,20095.04,20095.04,1800,1024,1024,1024
350,thrust,[10.350142],520.954,124.75092,555.8947,-0.0003634365,18.039,0.09930778,4.3759258e-08,5.582841e-09,-1.06109375e-11,20093.498,20093.498,20093.498,20093.498,1900,1024,1024,1024
351,thrust,[10.380142],520.954,125.29322,555.89764,-0.00036416878,18.111012,0.09939689,-5.7706735e-08,4.0727675e-09,-1.69385e-10,23571.275,23571.275,23571.275,23571.275,1900,1024,1024,1024
352,thrust,[10.410143],520.954,125.838524,555.9006,-0.00036510036,18.209404,0.09953656,-1.10732756e-07,2.9717173e-09,-1.5402148e-11,23555.992,23555.992,23555.992,23555.992,1900,1024,1024,1024
353,thrust,[10.430143],520.954,126.20365,555.9025,-0.00036568876,18.271793,0.099621855,-1.4162769e-08,-4.4623443e-09,-1.4561888e-10,23546.234,23546.234,23546.234,23546.234,1900,1024,1024,1024
354,thrust,[10.460144],520.954,126.7536,555.90546,-0.00036652506,18.360807,0.09973872,-3.4555034e-09,7.227804e-08,-1.4868787e-11,23532.213,23532.213,23532.213,23532.213,1900,1024,1024,1024
355,thrust,[10.500145],520.954,127.49083,555.90936,-0.00036755818,18.471443,0.09987515,2.6747058e-09,-8.1969675e-09,-1.8984854e-11,23514.633,23514.633,23514.633,23514.633,1900,1024,1024,1024
356,thrust,[10.520145],520.954,127.86104,555.9113,-0.00036804192,18.523508,0.09993558,2.1665127e-09,-6.639813e-09,-1.494879e-10,23506.299,23506.299,23506.299,23506.299,1900,1024,1024,1024
357,thrust,[10.550146],520.954,128.41823,555.91425,-0.00036872938,18.597769,0.1000171,1.189987e-07,7.686627e-08,-1.6331028e-10,23494.346,23494.344,23494.344,23494.344,1900,1024,1024,1024
358,thrust,[10.570147],520.954,128.7909,555.9162,-0.0003691632,18.644833,0.10006568,-2.7211659e-08,-6.1330105e-08,-6.0497163e-12,23486.729,23486.729,23486.729,23486.729,1900,1024,1024,1024
359,thrust,[10.600147],520.954,129.3516,555.9191,-0.00036977985,18.71195,0.100130394,3.5780985e-08,-4.4711637e-08,-5.3060265e-12,23475.807,23475.807,23475.807,23475.807,1900,1024,1024,1024
360,thrust,[10.620148],520.954,129.72647,555.9211,-0.00037016915,18.75448,0.10016838,-4.654596e-08,3.2450988e-08,4.885037e-12,23468.854,23468.854,23468.854,23468.854,1900,1024,1024,1024
361,thrust,[10.650148],520.954,130.29033,555.924,-0.00037072122,18.815125,0.10021806,9.653064e-08,2.3652108e-08,4.605951e-12,23458.893,23458.893,23458.893,23458.893,1900,1024,1024,1024
362,thrust,[10.670149],520.954,130.6672,555.92596,-0.0003710689,18.853548,0.10024656,-1.2093737e-07,1.916505e-08,-1.3197389e-10,23452.549,23452.547,23452.549,23452.549,1900,1024,1024,1024
363,thrust,[10.690149],520.954,131.04483,555.9279,-0.00037140131,18.89044,0.100271575,9.429706e-08,-1.080791e-07,1.5597186e-10,23446.438,23446.44,23446.436,23446.438,1900,1024,1024,1024
364,thrust,[10.71015],520.954,131.42317,555.9299,-0.00037171962,18.92586,0.10029325,9.0117936e-08,3.6051905e-08,1.3333654e-10,23440.555,23440.555,23440.555,23440.555,1900,1024,1024,1024
365,thrust,[10.73015],520.954,131.80222,555.9318,-0.00037202347,18.959864,0.100311734,7.299553e-08,2.920153e-08,-1.4680676e-10,23434.89,23434.89,23434.89,23434.89,1900,1024,1024,1024
366,thrust,[10.760151],520.954,132.37198,555.93475,-0.00037245353,19.008339,0.1003338,-1.5450807e-08,2.1290855e-08,1.3516743e-10,23426.781,23426.781,23426.781,23426.781,1900,1024,1024,1024
367,thrust,[10.800152],520.954,133.13382,555.93866,-0.00037298197,19.068521,0.10035338,7.0200244e-08,1.3965908e-08,1.4493127e-11,23416.66,23416.66,23416.66,23416.66,1900,1024,1024,1024
368,thrust,[10.820152],520.954,133.51561,555.9406,-0.00037322813,19.096815,0.100359246,4.998838e-08,-1.9468067e-07,4.1147266e-10,23411.883,23411.885,23411.88,23411.883,1900,1024,1024,1024
369,thrust,[10.840153],520.954,133.89795,555.94257,-0.00037346384,19.123976,0.10036266,-1.5863219e-07,-3.4089037e-08,-3.051409e-10,23407.285,23407.285,23407.29,23407.29,1900,1024,1024,1024
370,thrust,[10.860153],520.954,134.28082,555.9445,-0.00037368902,19.150045,0.10036373,1.970577e-09,-2.7616588e-08,-1.5224208e-10,23402.863,23402.863,23402.863,23402.863,1900,1024,1024,1024
371,thrust,[10.880154],520.954,134.6642,555.9465,-0.00037390404,19.175068,0.10036258,-6.706839e-08,-2.2366178e-08,2.7846442e-10,23398.61,23398.61,23398.61,23398.61,1900,1024,1024,1024
372,thrust,[10.910154],520.954,135.24017,555.9494,-0.00037420803,19.21073,0.1003569,-3.5847066e-08,-3.0039075e-08,-1.5960877e-10,23392.525,23392.525,23392.525,23392.525,1900,1024,1024,1024
373,thrust,[10.930155],520.954,135.62473,555.95135,-0.0003743988,19.233313,0.10035063,-9.770067e-08,-2.4329225e-08,-1.4324415e-10,23388.662,23388.662,23388.662,23388.662,1900,1024,1024,1024
374,thrust,[10.9601555],520.954,136.20238,555.9543,-0.00037466857,19.265495,0.100337766,5.8552196e-08,-1.7740662e-08,-1.167964e-10,23383.146,23383.146,23383.146,23383.146,1900,1024,1024,1024
375,thrust,[11.000156],520.954,136.97401,555.9582,-0.00037499936,19.305431,0.10031459,-9.005525e-08,-1.0948539e-08,-1.3817927e-10,23376.277,23376.277,23376.277,23376.277,1900,1024,1024,1024
376,thrust,[11.020157],520.954,137.3604,555.96014,-0.00037515318,19.324202,0.10030062,-7.2944744e-08,-8.868369e-09,-1.3874724e-10,23373.04,23373.04,23373.04,23373.04,1900,1024,1024,1024
377,thrust,[11.050158],520.954,137.94066,555.9631,-0.00037537032,19.350945,0.100276895,-3.3950396e-08,4.0120202e-10,1.2797331e-10,23368.414,23368.414,23368.414,23368.414,1900,1024,1024,1024
378,thrust,[11.070158],520.954,138.32793,555.965,-0.0003755065,19.367878,0.100259356,3.429827e-08,3.2282035e-10,1.3097558e-10,23365.48,23365.48,23365.48,23365.48,1900,1024,1024,1024
379,thrust,[11.100159],520.954,138.90945,555.96796,-0.00037569835,19.392006,0.10023064,8.062172e-08,2.3310487e-10,-2.6113424e-11,23361.293,23361.293,23361.293,23361.293,1900,1024,1024,1024
380,thrust,[11.120159],520.954,139.29753,555.9699,-0.00037581834,19.407282,0.100209996,1.3396813e-07,1.8636265e-10,-2.0601694e-11,23358.637,23358.637,23358.633,23358.633,1900,1024,1024,1024
381,thrust,[11.15016],520.954,139.88019,555.97284,-0.00037598712,19.429045,0.10017692,-7.605853e-08,1.4208687e-10,-4.340668e-12,23354.846,23354.846,23354.846,23354.846,1900,1024,1024,1024
382,thrust,[11.1801605],520.954,140.46347,555.97577,-0.0003761432,19.449503,0.10014151,-7.467275e-08,1.0426797e-10,-3.3183966e-12,23351.275,23351.275,23351.275,23351.275,1900,1024,1024,1024
383,thrust,[11.210161],520.954,141.04735,555.9787,-0.0003762872,19.46873,0.10010397,1.4232782e-08,1.3053616e-07,-1.4152281e-10,23347.914,23347.914,23347.914,23347.914,1900,1024,1024,1024
384,thrust,[11.250162],520.954,141.8267,555.9826,-0.00037646008,19.492582,0.10005088,3.7723265e-09,-2.5591607e-08,8.190729e-12,23343.734,23343.734,23343.734,23343.734,1900,1024,1024,1024
385,thrust,[11.270163],520.954,142.21672,555.98456,-0.00037653977,19.503788,0.10002316,6.485367e-08,-2.0731141e-08,1.4123969e-10,23341.766,23341.766,23341.766,23341.766,1900,1024,1024,1024
386,thrust,[11.300163],520.954,142.80215,555.9875,-0.00037665153,19.519754,0.099980235,-6.464489e-08,-1.5109489e-08,-1.4067228e-10,23338.959,23338.959,23338.959,23338.959,1900,1024,1024,1024
387,thrust,[11.330164],520.954,143.38805,555.9904,-0.00037675438,19.53476,0.09993584,1.5358621e-08,-1.1016802e-08,2.1331858e-11,23336.322,23336.322,23336.322,23336.322,1900,1024,1024,1024
388,thrust,[11.350164],520.954,143.77888,555.9924,-0.00037681824,19.544258,0.09990548,1.2440483e-08,-8.923877e-09,-1.1683138e-10,23334.65,23334.65,23334.65,23334.65,1900,1024,1024,1024
389,thrust,[11.380165],520.954,144.36548,555.9953,-0.00037690703,19.557789,0.099858925,-4.0369844e-08,-2.0236442e-08,3.7198907e-11,23332.264,23332.264,23332.264,23332.264,1900,1024,1024,1024
390,thrust,[11.400166],520.954,144.75676,555.99725,-0.00037696172,19.566353,0.09982726,-1.631622e-07,-1.6386856e-08,2.9086004e-11,23330.748,23330.748,23330.752,23330.752,1900,1024,1024,1024
391,thrust,[11.420166],520.954,145.14821,555.9992,-0.00037701326,19.57457,0.099795125,7.383227e-08,-1.3280711e-08,2.520992e-11,23329.3,23329.3,23329.3,23329.3,1900,1024,1024,1024
392,thrust,[11.450167],520.954,145.73569,556.00214,-0.00037708494,19.586273,0.09974613,-8.661022e-09,-9.6791375e-09,1.519876e-10,23327.229,23327.229,23327.229,23327.229,1900,1024,1024,1024
393,thrust,[11.470167],520.954,146.12753,556.0041,-0.00037712912,19.593681,0.099712975,-6.881353e-08,-7.83784e-09,1.494369e-10,23325.916,23325.916,23325.916,23325.916,1900,1024,1024,1024
394,thrust,[11.500168],520.954,146.71556,556.007,-0.00037719024,19.604235,0.099662594,-1.1882961e-07,-5.7115757e-09,-1.2309806e-11,23324.047,23324.047,23324.047,23324.047,1900,1024,1024,1024
395,thrust,[11.530169],520.954,147.30388,556.00995,-0.0003772457,19.614151,0.09961152,-3.0321612e-08,2.7014937e-09,3.7869322e-10,23322.29,23322.29,23322.29,23322.29,1900,1024,1024,1024
396,thrust,[11.560169],520.954,147.89247,556.0129,-0.00037729644,19.623468,0.09955983,-1.5237282e-08,2.1881146e-08,-1.01778315e-10,23320.635,23320.635,23320.635,23320.635,1900,1024,1024,1024
397,thrust,[11.58017],520.954,148.28502,556.01483,-0.00037732767,19.629366,0.09952507,-1.23422e-08,1.7724537e-08,3.198901e-10,23319.588,23319.588,23319.588,23319.588,1900,1024,1024,1024
398,thrust,[11.60017],520.954,148.67769,556.0168,-0.00037735654,19.635025,0.099490106,-7.866173e-08,1.43585455e-08,-1.3035882e-10,23318.582,23318.582,23318.582,23318.582,1900,1024,1024,1024
399,thrust,[11.630171],520.954,149.2669,556.0197,-0.000377396,19.643085,0.09943731,7.242963e-08,-4.446881e-08,5.4673696e-12,23317.146,23317.146,23317.146,23317.146,1900,1024,1024,1024
400,yaw_init,[11.6601715],520.954,149.85635,556.02264,-0.00037743198,19.650658,0.09938416,-1.4014617e-07,-3.241086e-08,2.439056e-12,23315.799,23315.8,23315.8,23315.8,1024,1024,1024,1024
401,yaw_init,[11.700172],520.954,150.63684,556.02655,-0.0003744064,19.276525,0.09854547,-1.3376075e-09,2.2882691e-09,-9.2006e-13,1166.575,1166.575,1166.575,1166.575,1024,1024,1024,1024
402,yaw_init,[11.730173],520.954,151.20372,556.0295,-0.0003698806,18.707382,0.097354256,-2.5385586e-11,4.006093e-11,-2.7105054e-20,1166.575,1166.575,1166.575,1166.575,1024,1024,1024,1024
403,yaw_init,[11.750174],520.954,151.5723,556.03143,-0.00036696746,18.3367,0.096587494,-1.8074155e-12,2.7012158e-12,-1.2705494e-21,1166.575,1166.575,1166.575,1166.575,1024,1024,1024,1024
404,yaw_init,[11.780174],520.954,152.1115,556.03436,-0.00036274715,17.793139,0.09547669,-3.437039e-14,4.7294403e-14,-1.323489e-23,1166.575,1166.575,1166.575,1166.575,1024,1024,1024,1024
405,yaw_init,[11.810175],520.954,152.63467,556.03723,-0.0003586987,17.263792,0.09441111,-6.543126e-16,8.2804035e-16,-2.0679515e-25,1166.575,1166.575,1166.575,1166.575,1024,1024,1024,1024
406,yaw_init,[11.850176],520.954,153.30803,556.0409,-0.00035355453,16.578772,0.09305715,-3.3312069e-18,3.7643563e-18,-4.038968e-27,1166.575,1166.575,1166.575,1166.575,1024,1024,1024,1024
407,yaw_init,[11.900177],520.954,154.11208,556.0455,-0.00034750835,15.7535,0.09146577,-4.5406363e-21,4.4433566e-21,-3.1554436e-30,1166.575,1166.575,1166.575,1166.575,1024,1024,1024,1024
408,yaw_init,[11.920177],520.954,154.42233,556.0473,-0.00034520307,15.43241,0.09085901,-3.2449254e-22,2.9957762e-22,-9.8607613e-32,1166.575,1166.575,1166.575,1166.575,1024,1024,1024,1024
409,yaw_init,[11.950178],520.954,154.87584,556.05005,-0.00034186072,14.959871,0.0899793,-6.203168e-24,5.2443836e-24,-1.540744e-33,1166.575,1166.575,1166.575,1166.575,1024,1024,1024,1024
410,yaw_init,[11.980179],520.954,155.31535,556.0528,-0.00033865205,14.49774,0.08913476,-1.186676e-25,9.180453e-26,-7.2222373e-35,1166.575,1166.575,1166.575,1166.575,1024,1024,1024,1024
411,yaw_init,[12.0101795],520.954,155.74123,556.0555,-0.0003355717,14.045474,0.08832399,-2.2716247e-27,1.607002e-27,3.761582e-37,1166.575,1166.575,1166.575,1166.575,1024,1024,1024,1024
412,yaw_init,[12.05018],520.954,156.28828,556.0589,-0.00033165544,13.456924,0.087293215,-1.1643457e-29,7.303364e-30,-7.34684e-39,1166.575,1166.575,1166.575,1166.575,1024,1024,1024,1024
413,yaw_init,[12.070181],520.954,156.55309,556.0606,-0.000329776,13.168533,0.08679854,-8.339013e-31,4.9233625e-31,-9.1835e-41,1166.575,1166.575,1166.575,1166.575,1024,1024,1024,1024
414,yaw_init,[12.100182],520.954,156.93962,556.0632,-0.00032705156,12.742924,0.08608146,-1.5989972e-32,8.616892e-33,1.435e-42,1166.575,1166.575,1166.575,1166.575,1024,1024,1024,1024
415,yaw_init,[12.120182],520.954,157.19028,556.0649,-0.0003252966,12.463652,0.08561955,-1.14582285e-33,5.8084817e-34,-7.17e-43,1166.575,1166.575,1166.575,1166.575,1024,1024,1024,1024
416,yaw_init,[12.1401825],520.954,157.43541,556.0666,-0.00032358934,12.187811,0.08517019,-8.2124627e-35,3.9152755e-35,-3.4e-44,1166.575,1166.575,1166.575,1166.575,1024,1024,1024,1024
417,yaw_init,[12.160183],520.954,157.67508,556.0683,-0.00032192864,11.915286,0.08473309,-5.8872217e-36,2.6390487e-36,-5.340468e-39,1166.575,1166.575,1166.575,1166.575,1024,1024,1024,1024
418,yaw_init,[12.200184],520.954,158.13826,556.0717,-0.00031874276,11.379735,0.08389455,-3.0269392e-38,1.1961e-38,-2.4233e-41,1166.575,1166.575,1166.575,1166.575,1024,1024,1024,1024
419,yaw_init,[12.230185],520.954,158.47176,556.0743,-0.00031646792,10.985963,0.08329581,0.0,0.0,0.0,1166.575,1166.575,1166.575,1166.575,1024,1024,1024,1024
420,yaw_init,[12.260185],520.954,158.79358,556.07684,-0.00031428775,10.5985775,0.08272198,0.0,0.0,0.0,1166.575,1166.575,1166.575,1166.575,1024,1024,1024,1024
421,yaw_init,[12.290186],520.954,159.1039,556.0793,-0.00031219926,10.217255,0.082172275,0.0,0.0,0.0,1166.575,1166.575,1166.575,1166.575,1024,1024,1024,1024
422,yaw_init,[12.310186],520.954,159.30447,556.0809,-0.00031085647,9.966254,0.08181884,0.0,0.0,0.0,1166.575,1166.575,1166.575,1166.575,1024,1024,1024,1024
423,yaw_init,[12.330187],520.954,159.50008,556.08246,-0.00030955236,9.717725,0.08147559,0.0,0.0,0.0,1166.575,1166.575,1166.575,1166.575,1024,1024,1024,1024
424,yaw_init,[12.360188],520.954,159.78423,556.08484,-0.00030766707,9.349376,0.08097938,0.0,0.0,0.0,1166.575,1166.575,1166.575,1166.575,1024,1024,1024,1024
425,yaw_init,[12.380188],520.954,159.96756,556.0864,-0.0003064564,9.106654,0.08066073,0.0,0.0,0.0,1166.575,1166.575,1166.575,1166.575,1024,1024,1024,1024
426,yaw_init,[12.400188],520.954,160.14607,556.088,-0.00030528192,8.866117,0.0803516,0.0,0.0,0.0,1166.575,1166.575,1166.575,1166.575,1024,1024,1024,1024
427,yaw_init,[12.430189],520.954,160.4049,556.0904,-0.00030358654,8.509237,0.07990537,0.0,0.0,0.0,1166.575,1166.575,1166.575,1166.575,1024,1024,1024,1024
428,yaw_init,[12.46019],520.954,160.65312,556.0928,-0.00030196892,8.156851,0.0794796,0.0,0.0,0.0,1166.575,1166.575,1166.575,1166.575,1024,1024,1024,1024
429,yaw_init,[12.48019],520.954,160.81276,556.09436,-0.0003009327,7.924304,0.07920686,0.0,0.0,0.0,1166.575,1166.575,1166.575,1166.575,1024,1024,1024,1024
430,yaw_init,[12.510191],520.954,161.04358,556.09674,-0.0002994403,7.57888,0.07881405,0.0,0.0,0.0,1166.575,1166.575,1166.575,1166.575,1024,1024,1024,1024
431,yaw_init,[12.530191],520.954,161.19173,556.0983,-0.00029848583,7.3507648,0.07856284,0.0,0.0,0.0,1166.575,1166.575,1166.575,1166.575,1024,1024,1024,1024
432,yaw_init,[12.560192],520.954,161.40546,556.1007,-0.00029711364,7.011683,0.078201674,0.0,0.0,0.0,1166.575,1166.575,1166.575,1166.575,1024,1024,1024,1024
433,yaw_init,[12.600193],520.954,161.67473,556.1039,-0.0002953926,6.565021,0.07774868,0.0,0.0,0.0,1166.575,1166.575,1166.575,1166.575,1024,1024,1024,1024
434,yaw_init,[12.630194],520.954,161.86505,556.10626,-0.00029418123,6.2338495,0.07742984,0.0,0.0,0.0,1166.575,1166.575,1166.575,1166.575,1024,1024,1024,1024
435,yaw_init,[12.650194],520.954,161.98645,556.10785,-0.0002934107,6.0147824,0.07722703,0.0,0.0,0.0,1166.575,1166.575,1166.575,1166.575,1024,1024,1024,1024
436,yaw_init,[12.670195],520.954,162.10347,556.10944,-0.00029266934,5.797021,0.0770319,0.0,0.0,0.0,1166.575,1166.575,1166.575,1166.575,1024,1024,1024,1024
437,yaw_init,[12.700195],520.954,162.27089,556.1118,-0.00029161124,5.4727087,0.07675341,0.0,0.0,0.0,1166.575,1166.575,1166.575,1166.575,1024,1024,1024,1024
438,yaw_init,[12.720196],520.954,162.37712,556.1134,-0.00029094127,5.257977,0.07657707,0.0,0.0,0.0,1166.575,1166.575,1166.575,1166.575,1024,1024,1024,1024
439,yaw_init,[12.750196],520.954,162.52846,556.1158,-0.00028998862,4.937964,0.07632632,0.0,0.0,0.0,1166.575,1166.575,1166.575,1166.575,1024,1024,1024,1024
440,yaw_init,[12.770197],520.954,162.62404,556.11725,-0.00028938794,4.725939,0.07616822,0.0,0.0,0.0,1166.575,1166.575,1166.575,1166.575,1024,1024,1024,1024
441,yaw_init,[12.800198],520.954,162.75949,556.11945,-0.0002885378,4.409753,0.07594445,0.0,0.0,0.0,1166.575,1166.575,1166.575,1166.575,1024,1024,1024,1024
442,yaw_init,[12.830198],520.954,162.8855,556.12164,-0.0002877479,4.0956445,0.07573655,0.0,0.0,0.0,1166.575,1166.575,1166.575,1166.575,1024,1024,1024,1024
443,yaw_init,[12.850199],520.954,162.9643,556.1231,-0.00028725437,3.8873143,0.075606644,0.0,0.0,0.0,1166.575,1166.575,1166.575,1166.575,1024,1024,1024,1024
444,yaw_init,[12.880199],520.954,163.0747,556.1253,-0.000286563,3.5763175,0.07542467,0.0,0.0,0.0,1166.575,1166.575,1166.575,1166.575,1024,1024,1024,1024
445,yaw_init,[12.9002],520.954,163.14314,556.1268,-0.00028613445,3.3699193,0.07531187,0.0,0.0,0.0,1166.575,1166.575,1166.575,1166.575,1024,1024,1024,1024
446,yaw_init,[12.9202],520.954,163.20746,556.12823,-0.0002857315,3.1642153,0.07520581,0.0,0.0,0.0,1166.575,1166.575,1166.575,1166.575,1024,1024,1024,1024
447,yaw_init,[12.950201],520.954,163.29622,556.13043,-0.00028517473,2.856865,0.075059265,0.0,0.0,0.0,1166.575,1166.575,1166.575,1166.575,1024,1024,1024,1024
448,yaw_init,[12.9702015],520.954,163.35028,556.1319,-0.00028483503,2.6527054,0.07496986,0.0,0.0,0.0,1166.575,1166.575,1166.575,1166.575,1024,1024,1024,1024
449,yaw_init,[13.000202],520.954,163.42375,556.1341,-0.00028437233,2.3474708,0.07484808,0.0,0.0,0.0,1166.575,1166.575,1166.575,1166.575,1024,1024,1024,1024
450,yaw,[13.030203],520.954,163.48808,556.1363,-0.0002839654,2.0433154,0.07474097,0.0,0.0,0.0,1166.575,1166.575,1166.575,1166.575,1024,1200,1024,1024
451,yaw,[13.070204],520.954,163.55971,556.1392,-0.00028350877,1.6392121,0.07462079,0.00012613297,-0.007933573,0.26799017,1166.575,1166.575,1166.575,1166.575,1024,1200,1024,1024
452,yaw,[13.100204],520.9539,163.60283,556.1414,-0.0002832303,1.3370334,0.07454749,5.213845e-05,-0.0030671088,0.26799017,1166.575,1166.575,1166.575,1166.575,1024,1200,1024,1024
453,yaw,[13.130205],520.9539,163.6369,556.1436,-0.00028300626,1.0354735,0.07448853,5.1437884e-05,-0.0029754594,0.26799017,1166.575,1166.575,1166.575,1166.575,1024,1200,1024,1024
454,yaw,[13.170206],520.95386,163.66829,556.14655,-0.00028279162,0.63412225,0.07443203,4.9485854e-05,-0.002979014,0.26799017,1166.575,1166.575,1166.575,1166.575,1024,1200,1024,1024
455,yaw,[13.200207],520.9538,163.6813,556.14874,-0.00028269298,0.33348125,0.07440607,5.1630923e-05,-0.00297742,0.26799017,1166.575,1166.575,1166.575,1166.575,1024,1200,1024,1024
456,yaw,[13.220207],520.9538,163.68497,556.1502,-0.00028265608,0.13315707,0.07439636,5.3528827e-05,-0.0029790036,0.26799014,1166.575,1166.575,1166.575,1166.575,1024,1200,1024,1024
457,yaw,[13.250208],520.9538,163.68295,556.1524,-0.00028263128,-0.16726844,0.07438982,4.7771566e-05,-0.0029853997,0.2679902,1166.575,1166.575,1166.575,1166.575,1024,1200,1024,1024
458,yaw,[13.280209],520.95374,163.67194,556.1546,-0.00028257846,-0.46764335,0.07437591,4.9580878e-05,-0.0029805158,0.26799017,1166.575,1166.575,1166.575,1166.575,1024,1200,1024,1024
459,yaw,[13.310209],520.95374,163.6519,556.1568,-0.00028247415,-0.76788396,0.07434846,4.432742e-05,-0.0029804807,0.26799017,1166.575,1166.575,1166.575,1166.575,1024,1200,1024,1024
460,yaw,[13.33021],520.9537,163.63354,556.15826,-0.0002823751,-0.96792233,0.07432239,4.647528e-05,-0.002975969,0.26799017,1166.575,1166.575,1166.575,1166.575,1024,1200,1024,1024
461,yaw,[13.370211],520.9537,163.58484,556.1612,-0.00028210587,-1.3675781,0.074251525,5.1153693e-05,-0.002982911,0.26799017,1166.575,1166.575,1166.575,1166.575,1024,1200,1024,1024
462,yaw,[13.390211],520.9536,163.55449,556.16266,-0.00028193567,-1.5671389,0.074206725,4.530279e-05,-0.0029787787,0.2679902,1166.575,1166.575,1166.575,1166.575,1024,1200,1024,1024
463,yaw,[13.420212],520.9536,163.5015,556.16486,-0.00028163602,-1.8660669,0.07412785,4.9128343e-05,-0.0029858814,0.2679902,1166.575,1166.575,1166.575,1166.575,1024,1200,1024,1024
464,yaw,[13.440212],520.9536,163.4612,556.1663,-0.0002814068,-2.065036,0.07406752,5.051349e-05,-0.0029876195,0.2679902,1166.575,1166.575,1166.575,1166.575,1024,1200,1024,1024
465,yaw,[13.470213],520.95355,163.39328,556.1685,-0.0002810189,-2.3629458,0.07396542,4.817453e-05,-0.0029722522,0.26799017,1166.575,1166.575,1166.575,1166.575,1024,1200,1024,1024
466,yaw,[13.500214],520.95355,163.31645,556.1707,-0.0002805785,-2.6601195,0.0738495,5.232051e-05,-0.0029819387,0.2679902,1166.575,1166.575,1166.575,1166.575,1024,1200,1024,1024
467,yaw,[13.530214],520.9535,163.23071,556.1729,-0.00028008592,-2.956465,0.07371984,5.0990413e-05,-0.002984521,0.26799017,1166.575,1166.575,1166.575,1166.575,1024,1200,1024,1024
468,yaw,[13.570215],520.9535,163.1026,556.17584,-0.00027934866,-3.350146,0.07352578,5.43364e-05,-0.0029789978,0.26799023,1166.575,1166.575,1166.575,1166.575,1024,1200,1024,1024
469,yaw,[13.590216],520.9534,163.03265,556.17737,-0.00027894587,-3.5463066,0.07341976,4.8838134e-05,-0.0029753114,0.26799014,1166.575,1166.575,1166.575,1166.575,1024,1200,1024,1024
470,yaw,[13.620216],520.9534,162.92041,556.17957,-0.0002782994,-3.8396235,0.0732496,4.6301488e-05,-0.0029834532,0.26799014,1166.575,1166.575,1166.575,1166.575,1024,1300,1024,1024
471,yaw,[13.640217],520.95337,162.8407,556.181,-0.00027784047,-4.0345144,0.07312881,0.00067769084,-0.03735297,0.68453157,1166.575,1166.575,1166.575,1166.575,1024,1300,1024,1024
472,yaw,[13.6702175],520.9533,162.71384,556.1832,-0.0002771106,-4.325806,0.072936706,0.00013306743,-0.0081481775,0.6845315,1166.575,1166.575,1166.575,1166.575,1024,1300,1024,1024
473,yaw,[13.700218],520.95325,162.57826,556.1854,-0.00027633057,-4.615756,0.0727314,0.00012840232,-0.0076207817,0.6845315,1166.575,1166.575,1166.575,1166.575,1024,1300,1024,1024
474,yaw,[13.730219],520.9532,162.43402,556.1876,-0.00027550195,-4.9042916,0.0725133,0.00011894782,-0.007634218,0.6845315,1166.575,1166.575,1166.575,1166.575,1024,1300,1024,1024
475,yaw,[13.77022],520.95306,162.22827,556.1906,-0.00027432278,-5.2866664,0.07220292,0.00013947283,-0.0075915493,0.68453145,1166.575,1166.575,1166.575,1166.575,1024,1300,1024,1024
476,yaw,[13.79022],520.953,162.11969,556.1921,-0.00027370182,-5.476797,0.07203948,0.00013901223,-0.0076131625,0.6845315,1166.575,1166.575,1166.575,1166.575,1024,1300,1024,1024
477,yaw,[13.820221],520.95294,161.94972,556.1943,-0.00027273182,-5.7606077,0.07178416,0.00012859114,-0.007624728,0.6845315,1166.575,1166.575,1166.575,1166.575,1024,1300,1024,1024
478,yaw,[13.850222],520.9529,161.77126,556.1965,-0.00027171624,-6.0426884,0.07151685,0.000115337374,-0.0075929356,0.6845315,1166.575,1166.575,1166.575,1166.575,1024,1300,1024,1024
479,yaw,[13.870222],520.9528,161.6476,556.198,-0.00027101426,-6.229744,0.07133208,0.00012870843,-0.007613822,0.6845315,1166.575,1166.575,1166.575,1166.575,1024,1300,1024,1024
480,yaw,[13.890223],520.95276,161.5202,556.19946,-0.00027029263,-6.415976,0.07114215,0.00013048161,-0.0076005775,0.68453157,1166.575,1166.575,1166.575,1166.575,1024,1300,1024,1024
481,yaw,[13.920223],520.9527,161.32216,556.20166,-0.00026917396,-6.693734,0.07084772,0.000136054,-0.007614068,0.6845315,1166.575,1166.575,1166.575,1166.575,1024,1300,1024,1024
482,yaw,[13.940224],520.9527,161.18553,556.2032,-0.0002684044,-6.877816,0.07064517,0.00012632424,-0.007622663,0.6845315,1166.575,1166.575,1166.575,1166.575,1024,1300,1024,1024
483,yaw,[13.960224],520.95264,161.04523,556.20465,-0.00026761615,-7.061003,0.0704377,0.00012251525,-0.0076168263,0.68453157,1166.575,1166.575,1166.575,1166.575,1024,1300,1024,1024
484,yaw,[13.980225],520.9526,160.90128,556.2061,-0.00026680948,-7.2432747,0.07022538,0.00013606454,-0.007618023,0.68453157,1166.575,1166.575,1166.575,1166.575,1024,1300,1024,1024
485,yaw,[14.000225],520.9525,160.7537,556.20746,-0.00026598468,-7.4246125,0.07000829,0.00012519758,-0.007600317,0.6845315,1166.575,1166.575,1166.575,1166.575,1024,1300,1024,1024
486,yaw,[14.030226],520.95245,160.52554,556.20953,-0.00026471406,-7.694827,0.06967387,0.000118508586,-0.0076366803,0.68453145,1166.575,1166.575,1166.575,1166.575,1024,1300,1024,1024
487,yaw,[14.070227],520.9524,160.2088,556.2123,-0.00026295916,-8.051675,0.069211975,0.000113018614,-0.007610659,0.6845315,1166.575,1166.575,1166.575,1166.575,1024,1300,1024,1024
488,yaw,[14.090227],520.95233,160.0451,556.2136,-0.00026205633,-8.228585,0.06897435,0.00012602704,-0.007624984,0.68453145,1166.575,1166.575,1166.575,1166.575,1024,1300,1024,1024
489,yaw,[14.120228],520.9523,159.79298,556.21564,-0.00026067125,-8.492014,0.06860979,0.00013218995,-0.007620006,0.6845315,1166.575,1166.575,1166.575,1166.575,1024,1300,1024,1024
490,yaw,[14.1502285],520.9522,159.53299,556.2177,-0.00025925005,-8.75307,0.068235725,0.00012775179,-0.0076070614,0.68453145,1166.575,1166.575,1166.575,1166.575,1024,1400,1024,1024
491,yaw,[14.170229],520.95215,159.35533,556.21906,-0.00025828305,-8.925763,0.06798121,0.00013002288,-0.0076048123,0.6845315,2816.2434,1166.575,1166.575,2846.1304,1024,1400,1024,1024
492,yaw,[14.20023],520.952,159.0824,556.2211,-0.000256804,-9.182751,0.06759193,0.00024691736,-0.015495108,1.1810402,1166.575,1166.575,1166.575,1166.575,1024,1400,1024,1024
493,yaw,[14.23023],520.95197,158.80182,556.2232,-0.00025529164,-9.437232,0.06719387,0.00025445689,-0.013194365,1.18104,1166.575,1166.575,1166.575,1166.575,1024,1400,1024,1024
494,yaw,[14.250231],520.95184,158.61055,556.2246,-0.00025426547,-9.605473,0.06692378,0.00022011298,-0.013106774,1.18104,1166.575,1166.575,1166.575,1166.575,1024,1400,1024,1024
495,yaw,[14.280231],520.9518,158.31737,556.2267,-0.00025270012,-9.855681,0.06651178,0.00022925227,-0.013152071,1.1810402,1166.575,1166.575,1166.575,1166.575,1024,1400,1024,1024
496,yaw,[14.320232],520.9516,157.9149,556.2295,-0.00025056594,-10.185214,0.06595006,0.00020823127,-0.013130613,1.1810402,1166.575,1166.575,1166.575,1166.575,1024,1400,1024,1024
497,yaw,[14.340233],520.95154,157.70876,556.2309,-0.00024947946,-10.3482065,0.06566409,0.00023639388,-0.013098983,1.1810402,1166.575,1166.575,1166.575,1166.575,1024,1400,1024,1024
498,yaw,[14.370234],520.9515,157.39345,556.233,-0.00024782636,-10.590448,0.065229006,0.00023396558,-0.013134712,1.1810399,1166.575,1166.575,1166.575,1166.575,1024,1400,1024,1024
499,yaw,[14.390234],520.9514,157.17924,556.2344,-0.00024670924,-10.750431,0.064934984,0.00023055659,-0.013125684,1.1810402,1166.575,1166.575,1166.575,1166.575,1024,1400,1024,1024
500,yaw,[14.420235],520.9513,156.85197,556.2365,-0.0002450118,-10.988115,0.06448821,0.00021414051,-0.013115622,1.18104,1166.575,1166.575,1166.575,1166.575,1024,1400,1024,1024
501,yaw,[14.440235],520.95123,156.62985,556.2379,-0.00024386613,-11.145031,0.06418667,0.00022058422,-0.013146097,1.18104,1166.575,1166.575,1166.575,1166.575,1024,1400,1024,1024
502,yaw,[14.470236],520.9512,156.29083,556.2398,-0.00024212743,-11.378076,0.06372904,0.00021036807,-0.013151482,1.18104,1166.575,1166.575,1166.575,1166.575,1024,1400,1024,1024
503,yaw,[14.490236],520.9511,156.06096,556.24115,-0.0002409554,-11.531879,0.06342056,0.00020310843,-0.013137516,1.1810402,1166.575,1166.575,1166.575,1166.575,1024,1400,1024,1024
504,yaw,[14.520237],520.95105,155.71042,556.24304,-0.00023917887,-11.760228,0.06295297,0.00020662369,-0.013144163,1.18104,1166.575,1166.575,1166.575,1166.575,1024,1400,1024,1024
505,yaw,[14.560238],520.9509,155.23247,556.2456,-0.00023677704,-12.060252,0.062320814,0.00019642292,-0.013116933,1.18104,1166.575,1166.575,1166.575,1166.575,1024,1400,1024,1024
506,yaw,[14.580238],520.95087,154.98904,556.24695,-0.00023556266,-12.208348,0.06200119,0.00022424757,-0.013148542,1.18104,1166.575,1166.575,1166.575,1166.575,1024,1400,1024,1024
507,yaw,[14.600239],520.9508,154.74268,556.2482,-0.00023433978,-12.355162,0.061679326,0.00022520509,-0.0131372325,1.18104,1166.575,1166.575,1166.575,1166.575,1024,1400,1024,1024
508,yaw,[14.6302395],520.95074,154.36766,556.2502,-0.00023249016,-12.572965,0.061192505,0.00024003757,-0.013129969,1.18104,1166.575,1166.575,1166.575,1166.575,1024,1400,1024,1024
509,yaw,[14.65024],520.9507,154.11404,556.25146,-0.00023124735,-12.716551,0.0608654,0.00022137398,-0.013117842,1.18104,1166.575,1166.575,1166.575,1166.575,1024,1400,1024,1024
510,yaw,[14.700241],520.9506,153.46759,556.2547,-0.00022810863,-13.069839,0.06003929,0.00022445282,-0.013099974,1.1810399,1166.575,1166.575,1166.575,1166.575,1024,1500,1024,1024
511,yaw,[14.730242],520.95056,153.07132,556.25665,-0.00022620517,-13.277905,0.059538316,0.001191739,-0.062695116,1.78299,1166.575,1166.575,1166.575,1166.575,1024,1500,1024,1024
512,yaw,[14.770243],520.95044,152.53336,556.25934,-0.00022364581,-13.550752,0.058864694,0.00032080617,-0.020034626,1.7829895,1166.575,1166.575,1166.575,1166.575,1024,1500,1024,1024
513,yaw,[14.800243],520.95044,152.12279,556.26135,-0.00022171158,-13.751953,0.058355607,0.0003309534,-0.019825306,1.7829894,1166.575,1166.575,1166.575,1166.575,1024,1500,1024,1024
514,yaw,[14.830244],520.9504,151.70627,556.2633,-0.0002197659,-13.950211,0.057843503,0.0003302805,-0.019823175,1.7829893,1166.575,1166.575,1166.575,1166.575,1024,1500,1024,1024
515,yaw,[14.8502445],520.9503,151.42531,556.2645,-0.00021846291,-14.080749,0.057500556,0.00031470042,-0.019833466,1.7829893,1166.575,1166.575,1166.575,1166.575,1024,1500,1024,1024
516,yaw,[14.880245],520.9503,150.99901,556.26636,-0.00021650035,-14.274105,0.056984015,0.0003267969,-0.019774094,1.7829895,1166.575,1166.575,1166.575,1166.575,1024,1500,1024,1024
517,yaw,[14.900246],520.9503,150.71162,556.2676,-0.00021518701,-14.401379,0.05663835,0.0003360794,-0.019831967,1.7829894,1166.575,1166.575,1166.575,1166.575,1024,1500,1024,1024
518,yaw,[14.930246],520.95026,150.2758,556.2695,-0.00021321031,-14.589846,0.05611808,0.00030834554,-0.019858437,1.7829895,1166.575,1166.575,1166.575,1166.575,1024,1500,1024,1024
519,yaw,[14.970247],520.95026,149.68602,556.2719,-0.00021056362,-14.836585,0.055421468,0.00032979224,-0.019832604,1.7829895,1166.575,1166.575,1166.575,1166.575,1024,1500,1024,1024
520,yaw,[14.990248],520.95026,149.38934,556.27313,-0.0025787153,-14.76996,0.057802122,-3.9977022e-07,-0.019861838,1.7829894,9165.854,7638.3677,7566.882,9237.344,1024,1500,1024,1024
521,yaw,[15.020248],520.9501,148.95375,556.2752,-0.0095631005,-14.396008,0.06558484,-0.0001475605,-0.020480795,1.7829895,9126.057,7590.4463,7516.9497,9200.992,1024,1500,1024,1024
522,yaw,[15.040249],520.9498,148.66946,556.27673,-0.014116147,-14.153501,0.07087447,0.0005208907,-0.020400899,1.7829895,9105.45,7562.7593,7485.9546,9177.152,1024,1500,1024,1024
523,yaw,[15.060249],520.94946,148.38997,556.2783,-0.018587334,-13.916266,0.07624444,0.00020274101,-0.021057209,1.7829894,9077.647,7530.653,7452.6807,9153.626,1024,1500,1024,1024
524,yaw,[15.08025],520.9491,148.11513,556.2801,-0.022970553,-13.684203,0.08169533,-0.00012722332,-0.02121558,1.7829896,9051.899,7498.8853,7421.628,9130.413,1024,1500,1024,1024
525,yaw,[15.10025],520.9486,147.84486,556.2819,-0.027263504,-13.457064,0.087224245,0.0006065939,-0.01916943,1.7829894,9039.839,7472.766,7399.0874,9107.499,1024,1500,1024,1024
526,yaw,[15.150251],520.9471,147.18852,556.28705,-0.037601788,-12.909786,0.101328194,-0.00010953704,-0.019382821,1.7829894,8978.758,7396.4795,7324.8433,9051.492,1024,1500,1024,1024
527,yaw,[15.170252],520.94635,146.9335,556.2893,-0.041570127,-12.698864,0.1070758,0.00021502074,-0.019130185,1.7829894,8959.155,7369.6807,7297.0728,9029.599,1024,1500,1024,1024
528,yaw,[15.200253],520.94507,146.55873,556.29285,-0.047344927,-12.390533,0.11580644,-0.00027388718,-0.019619932,1.7829894,8922.114,7325.248,7252.851,8997.283,1024,1500,1024,1024
529,yaw,[15.220253],520.94415,146.31393,556.29535,-0.051067613,-12.190366,0.12169458,-0.00017844944,-0.019522525,1.7829894,8901.5,7298.22,7225.4316,8976.101,1024,1500,1024,1024
530,yaw,[15.250254],520.94257,145.9541,556.29926,-0.056457967,-11.897648,0.13062645,0.00039376935,-0.019237421,1.7829894,8873.823,7260.5356,7185.502,8944.834,1024,1600,1024,1024
531,yaw,[15.280254],520.94086,145.60211,556.3035,-0.06080236,-11.688204,0.13819452,0.0011686739,-0.081841685,2.5279577,8616.315,6527.7715,6209.875,8922.226,1024,1600,1024,1024
532,yaw,[15.300255],520.93976,145.37086,556.3066,-0.06378934,-11.520288,0.14414318,0.0012310944,-0.0322158,2.527957,8787.138,6502.1294,6372.6245,8903.975,1024,1600,1024,1024
533,yaw,[15.3302555],520.93787,145.03026,556.3113,-0.06802637,-11.27078,0.1533514,8.800207e-05,-0.028446376,2.527957,8767.817,6457.351,6347.6147,8876.6455,1024,1600,1024,1024
534,yaw,[15.350256],520.9366,144.80728,556.3146,-0.07067088,-11.108569,0.15958461,0.00018402445,-0.028544996,2.5279574,8749.686,6432.3647,6321.4062,8858.736,1024,1600,1024,1024
535,yaw,[15.380257],520.93463,144.47879,556.3198,-0.0743545,-10.871115,0.16906679,0.0016459171,-0.028332803,2.527957,8731.202,6402.378,6284.1133,8832.317,1024,1600,1024,1024
536,yaw,[15.400257],520.9332,144.26369,556.3234,-0.07662493,-10.71653,0.17547046,5.0962204e-05,-0.027333353,2.5279574,8709.115,6369.4087,6263.0034,8814.988,1024,1600,1024,1024
537,yaw,[15.430258],520.9311,143.94673,556.329,-0.079739496,-10.49046,0.18515782,0.00051190425,-0.029203422,2.5279572,8678.241,6335.488,6218.899,8789.456,1024,1600,1024,1024
538,yaw,[15.480259],520.9273,143.43315,556.3389,-0.08412081,-10.12788,0.20150109,0.000714052,-0.0282465,2.5279567,8640.854,6277.6157,6162.8857,8748.035,1024,1600,1024,1024
539,yaw,[15.52026],520.92426,143.03503,556.34753,-0.08689111,-9.849912,0.21469058,0.00057190075,-0.028454764,2.5279567,8606.53,6231.114,6115.686,8715.88,1024,1600,1024,1024
540,yaw,[15.54026],520.9227,142.84006,556.352,-0.088027634,-9.7148905,0.2213002,0.0004528677,-0.02850004,2.527957,8589.679,6208.0796,6092.797,8700.135,1024,1600,1024,1024
541,yaw,[15.570261],520.9202,142.55257,556.3589,-0.089421004,-9.516966,0.2312138,0.00047245738,-0.02842478,2.527957,8566.415,6175.126,6059.5825,8676.901,1024,1600,1024,1024
542,yaw,[15.600262],520.9177,142.2709,556.3661,-0.09043925,-9.324532,0.241104,-2.9168325e-05,-0.028125918,2.5279572,8541.726,6140.045,6027.944,8654.14,1024,1600,1024,1024
543,yaw,[15.630262],520.9153,141.99492,556.3736,-0.0910826,-9.1373825,0.25094354,0.00091788545,-0.028441828,2.5279572,8522.839,6113.404,5994.511,8631.835,1024,1600,1024,1024
544,yaw,[15.660263],520.9128,141.72446,556.38135,-0.09135785,-8.955257,0.26071268,0.00013228762,-0.027741496,2.5279572,8499.143,6078.0537,5965.7915,8609.973,1024,1600,1024,1024
545,yaw,[15.6802635],520.91113,141.54713,556.38666,-0.09133966,-8.836616,0.26717016,0.00045981887,-0.028255962,2.5279572,8484.251,6059.438,5943.0576,8595.645,1024,1600,1024,1024
546,yaw,[15.720264],520.90784,141.19946,556.3976,-0.0908224,-8.605681,0.27992514,0.00021159463,-0.028224286,2.5279572,8454.423,6018.1274,5902.6826,8567.5625,1024,1600,1024,1024
547,yaw,[15.740265],520.9062,141.02905,556.40326,-0.090328686,-8.493269,0.2862099,0.0009196985,-0.028193675,2.5279574,8444.395,6002.4116,5882.9595,8553.8,1024,1600,1024,1024
548,yaw,[15.770266],520.90375,140.77756,556.4119,-0.08930085,-8.328339,0.29550716,0.0008288508,-0.029012647,2.527957,8419.888,5973.025,5850.334,8533.494,1024,1600,1024,1024
549,yaw,[15.800266],520.90137,140.53091,556.4209,-0.08793799,-8.16781,0.3046224,0.00057591917,-0.02793941,2.527957,8402.618,5943.339,5826.0205,8513.604,1024,1600,1024,1024
550,yaw,[15.830267],520.89905,140.28903,556.43005,-0.08625746,-8.011409,0.31353697,-4.4224318e-05,-0.028279036,2.5279574,8377.949,5912.1763,5796.5107,8494.103,1024,1700,1024,1024
551,yaw,[15.870268],520.896,139.97165,556.4426,-0.08388618,-7.9153514,0.32242057,0.00076011574,-0.05559877,3.4737837,8257.978,4931.716,4699.1797,8482.112,1024,1700,1024,1024
552,yaw,[15.900269],520.8939,139.73659,556.4523,-0.08125504,-7.7956705,0.32987347,0.0004893654,-0.03878286,3.4737847,8310.112,4906.4424,4744.064,8467.069,1024,1700,1024,1024
553,yaw,[15.930269],520.8918,139.50508,556.46204,-0.07828137,-7.6782646,0.337018,0.00040723593,-0.038066894,3.4737844,8297.409,4882.545,4723.1846,8452.246,1024,1700,1024,1024
554,yaw,[15.96027],520.88983,139.27704,556.472,-0.0750106,-7.5637407,0.3438134,0.0008852473,-0.03882867,3.4737847,8282.027,4862.24,4696.6904,8437.723,1024,1700,1024,1024
555,yaw,[15.98027],520.8885,139.12689,556.47876,-0.07268059,-7.4889936,0.3481371,0.000805057,-0.038896486,3.4737847,8271.546,4846.754,4681.1143,8428.209,1024,1700,1024,1024
556,yaw,[16.00027],520.8872,138.97821,556.4856,-0.070243314,-7.415432,0.35228065,0.00041366566,-0.039209206,3.4737847,8258.437,4829.726,4664.722,8418.821,1024,1700,1024,1024
557,yaw,[16.030272],520.8854,138.75792,556.496,-0.06641576,-7.30748,0.35815182,0.00085921044,-0.038052432,3.4737844,8251.558,4810.3555,4647.2993,8404.997,1024,1700,1024,1024
558,yaw,[16.050272],520.8842,138.61284,556.5029,-0.06376718,-7.236982,0.36183336,0.00038106745,-0.039332226,3.4737847,8234.264,4793.3564,4627.411,8395.937,1024,1700,1024,1024
559,yaw,[16.070272],520.8831,138.46915,556.51,-0.061056715,-7.167758,0.3653178,0.00062761945,-0.038683645,3.4737842,8229.201,4780.632,4615.7695,8387.018,1024,1700,1024,1024
560,yaw,[16.100273],520.8814,138.25615,556.5207,-0.056901768,-7.0659723,0.37017846,0.000743894,-0.038524274,3.4737844,8217.028,4760.4844,4595.284,8373.86,1024,1700,1024,1024
561,yaw,[16.120274],520.8804,138.11583,556.5279,-0.054090176,-6.999494,0.37317243,0.0007154546,-0.03899124,3.4737847,8206.074,4746.695,4579.4717,8365.238,1024,1700,1024,1024
562,yaw,[16.150274],520.8789,137.90782,556.5388,-0.049842726,-6.901915,0.37728524,0.0005707141,-0.03871249,3.4737844,8193.407,4725.8037,4560.225,8352.544,1024,1700,1024,1024
563,yaw,[16.180275],520.8775,137.70268,556.54974,-0.045599002,-6.80672,0.38094753,0.00095358514,-0.039278995,3.4737847,8180.4414,4708.3125,4537.8584,8340.111,1024,1700,1024,1024
564,yaw,[16.220276],520.87573,137.43353,556.56464,-0.040018238,-6.683336,0.38514313,0.000375089,-0.038286533,3.4737844,8164.743,4679.4414,4516.008,8323.924,1024,1700,1024,1024
565,yaw,[16.240276],520.87494,137.30077,556.5721,-0.037291344,-6.623163,0.38695565,0.00078394765,-0.038628362,3.4737842,8157.498,4669.2314,4501.8276,8316.001,1024,1700,1024,1024
566,yaw,[16.270277],520.87384,137.10384,556.58344,-0.033313468,-6.534762,0.38932562,0.00085462997,-0.038628936,3.4737842,8145.9263,4651.1733,4483.054,8304.324,1024,1700,1024,1024
567,yaw,[16.290277],520.8731,136.974,556.591,-0.030754922,-6.477047,0.39067993,0.0004681363,-0.038363673,3.4737842,8137.0093,4636.884,4471.883,8296.679,1024,1700,1024,1024
568,yaw,[16.320278],520.8721,136.7814,556.6024,-0.027085608,-6.392194,0.39239156,0.00074463553,-0.037485644,3.4737847,8130.744,4620.632,4457.4805,8285.4,1024,1700,1024,1024
569,yaw,[16.340279],520.87146,136.65439,556.61,-0.02476385,-6.336691,0.39333215,0.0010818308,-0.038638737,3.4737844,8120.197,4610.858,4440.696,8278.002,1024,1700,1024,1024
570,yaw,[16.36028],520.87085,136.52847,556.61774,-0.022554789,-6.2821326,0.39411762,0.0005097382,-0.03811575,3.4737847,8111.6733,4596.0635,4431.1978,8270.71,1024,1800,1024,1024
571,yaw,[16.38028],520.8702,136.40245,556.6254,-0.021467032,-6.348323,0.39392927,0.0024148077,-0.14088863,4.714366,7695.6904,3309.6414,2698.077,8279.68,1024,1800,1024,1024
572,yaw,[16.40028],520.86957,136.27585,556.6332,-0.01990916,-6.323829,0.39404622,0.0011731097,-0.058739375,4.714365,8033.798,3296.7656,3040.7114,8276.449,1024,1800,1024,1024
573,yaw,[16.43028],520.86865,136.08699,556.6447,-0.01789258,-6.2816267,0.39393625,0.00088308426,-0.05261395,4.7143645,8052.338,3285.0671,3056.4697,8270.838,1024,1800,1024,1024
574,yaw,[16.470282],520.8673,135.83708,556.66016,-0.01587281,-6.22659,0.3933623,0.0005852254,-0.05235348,4.714365,8044.1357,3270.218,3044.168,8263.486,1024,1800,1024,1024
575,yaw,[16.500282],520.8664,135.6511,556.6717,-0.014900451,-6.1864552,0.39269564,0.0009856834,-0.052180767,4.714365,8041.5947,3262.8794,3035.078,8258.102,1024,1800,1024,1024
576,yaw,[16.520283],520.8658,135.52776,556.67944,-0.014522294,-6.160217,0.3921749,0.00069509726,-0.05248866,4.714364,8034.9634,3254.8867,3027.3123,8254.569,1024,1800,1024,1024
577,yaw,[16.550283],520.8649,135.34372,556.6911,-0.01436868,-6.121628,0.3913324,0.0006136368,-0.052869655,4.714365,8027.4775,3245.1013,3016.1829,8249.355,1024,1800,1024,1024
578,yaw,[16.570284],520.8643,135.22166,556.6989,-0.014544511,-6.096486,0.39076072,0.0008542882,-0.052937925,4.7143655,8025.039,3240.388,3009.6736,8245.945,1024,1800,1024,1024
579,yaw,[16.600285],520.86346,135.03952,556.7107,-0.015224048,-6.059467,0.38993976,0.0008680057,-0.051880725,4.714365,8024.4165,3231.4492,3004.9866,8240.906,1024,1800,1024,1024
580,yaw,[16.630285],520.86237,134.85847,556.7226,-0.016387181,-6.023241,0.38921797,0.0010679914,-0.05219178,4.714365,8019.1157,3223.7397,2994.6213,8235.954,1024,1800,1024,1024
581,yaw,[16.650286],520.8617,134.73836,556.7305,-0.01742176,-5.9995155,0.388827,0.0013083331,-0.052105673,4.7143645,8017.4995,3219.2942,2989.0447,8232.697,1024,1800,1024,1024
582,yaw,[16.680286],520.8607,134.55905,556.7425,-0.01933836,-5.96465,0.38842082,0.0003412622,-0.05226764,4.7143645,8006.274,3205.1387,2979.5884,8227.895,1024,1800,1024,1024
583,yaw,[16.700287],520.86005,134.4401,556.7505,-0.020842958,-5.941939,0.3882983,0.00064278767,-0.05329544,4.7143645,8000.361,3201.255,2969.4583,8224.753,1024,1800,1024,1024
584,yaw,[16.730288],520.85895,134.26251,556.7626,-0.023411702,-5.9085956,0.38838008,0.0006771367,-0.052205153,4.7143655,8000.439,3193.1846,2965.691,8220.127,1024,1800,1024,1024
585,yaw,[16.750288],520.8582,134.14467,556.7706,-0.025309127,-5.8867574,0.38863143,0.0007190532,-0.052187495,4.7143645,7997.6104,3187.9768,2960.2092,8217.086,1024,1800,1024,1024
586,yaw,[16.780289],520.8572,133.96869,556.7828,-0.028392483,-5.8546295,0.3893343,0.0010634703,-0.05229841,4.714365,7994.4785,3181.9397,2951.5488,8212.597,1024,1800,1024,1024
587,yaw,[16.82029],520.85565,133.73555,556.7991,-0.032854397,-5.813058,0.39093366,0.0006821673,-0.05280395,4.714365,7984.0737,3169.3052,2938.736,8206.764,1024,1800,1024,1024
588,yaw,[16.84029],520.8548,133.61958,556.8072,-0.035192057,-5.792797,0.3920373,0.0005529062,-0.05278234,4.714365,7980.468,3163.456,2933.6235,8203.911,1024,1800,1024,1024
589,yaw,[16.87029],520.85364,133.4464,556.81946,-0.03877619,-5.7630258,0.3940887,0.0005812957,-0.051777866,4.7143645,7980.601,3156.1016,2930.2695,8199.711,1024,1800,1024,1024
590,yaw,[16.890291],520.8528,133.33144,556.82776,-0.04118743,-5.743579,0.39572164,0.0008261339,-0.052732125,4.7143645,7975.071,3152.5984,2921.1511,8196.961,1024,1900,1024,1024
591,yaw,[16.920292],520.85156,133.15738,556.8402,-0.043262456,-5.8403363,0.39692748,0.0016050749,-0.10242973,6.4129105,7779.8857,1365.0052,1166.575,8210.016,1024,1900,1024,1024
592,yaw,[16.940292],520.85077,133.04033,556.84863,-0.045158725,-5.856484,0.39888427,0.0011326027,-0.073867045,6.41291,7901.894,1366.6418,1166.575,8212.123,1024,1900,1024,1024
593,yaw,[16.970293],520.8496,132.86418,556.8613,-0.04787949,-5.8781433,0.4023064,0.0012466318,-0.071271494,6.41291,7916.64,1373.1565,1166.575,8214.949,1024,1900,1024,1024
594,yaw,[16.990294],520.8489,132.7464,556.8698,-0.04955571,-5.892186,0.40486228,0.0012978746,-0.07093035,6.41291,7920.32,1377.2582,1166.575,8216.785,1024,1900,1024,1024
595,yaw,[17.020294],520.8479,132.5692,556.88257,-0.051794868,-5.9128556,0.4090609,0.0010199752,-0.07119499,6.41291,7920.4233,1381.2786,1166.575,8219.497,1024,1900,1024,1024
596,yaw,[17.040295],520.84717,132.45073,556.8911,-0.05306824,-5.9263697,0.41207358,0.0014057308,-0.07092226,6.4129095,7925.679,1387.1906,1166.575,8221.279,1024,1900,1024,1024
597,yaw,[17.070295],520.8461,132.27254,556.90393,-0.054600056,-5.946222,0.41685605,0.0015022792,-0.07177691,6.4129095,7925.3335,1393.2042,1166.575,8223.912,1024,1900,1024,1024
598,yaw,[17.100296],520.8451,132.09375,556.9168,-0.05562678,-5.965681,0.4218717,0.0010817763,-0.0711411,6.41291,7928.3594,1396.1847,1166.575,8226.517,1024,1900,1024,1024
599,yaw,[17.140297],520.8439,131.85449,556.93396,-0.056147523,-5.9909606,0.42873943,0.0009366181,-0.07135663,6.4129095,7930.1836,1402.439,1166.575,8229.939,1024,1900,1024,1024
600,yaw,[17.170298],520.8429,131.67441,556.94684,-0.055884723,-6.009339,0.4338899,0.0013106503,-0.07154317,6.41291,7934.176,1409.8158,1166.575,8232.457,1024,1900,1024,1024
601,yaw,[17.190298],520.8423,131.55406,556.95544,-0.05540239,-6.02134,0.43726403,0.0014005639,-0.07101317,6.41291,7938.695,1413.772,1166.575,8234.117,1024,1900,1024,1024
602,yaw,[17.220299],520.84125,131.37306,556.9683,-0.0542392,-6.0389476,0.44215995,0.0011471165,-0.07098676,6.4129095,7939.922,1417.4026,1166.575,8236.573,1024,1900,1024,1024
603,yaw,[17.2403],520.8405,131.25212,556.977,-0.05318961,-6.050461,0.44526938,0.0014310508,-0.07138657,6.412909,7941.542,1422.3892,1166.575,8238.194,1024,1900,1024,1024
604,yaw,[17.2603],520.8398,131.13095,556.9856,-0.051939502,-6.061778,0.4482241,0.0012025721,-0.07141182,6.41291,7941.8003,1424.4092,1166.575,8239.798,1024,1900,1024,1024
605,yaw,[17.2803],520.8391,131.00955,556.99426,-0.050510384,-6.07293,0.45099863,0.0011936503,-0.07107437,6.4129105,7944.853,1427.6575,1166.575,8241.388,1024,1900,1024,1024
606,yaw,[17.3103],520.838,130.82704,557.00726,-0.048082743,-6.089157,0.4547719,0.0010769097,-0.07128078,6.41291,7945.74,1431.8109,1166.575,8243.717,1024,1900,1024,1024
607,yaw,[17.330301],520.8372,130.7051,557.016,-0.04631453,-6.0997276,0.4570045,0.0012812947,-0.07144552,6.41291,7947.808,1436.1464,1166.575,8245.242,1024,1900,1024,1024
608,yaw,[17.350302],520.8365,130.58295,557.0247,-0.044460624,-6.110127,0.45899695,0.0015379735,-0.071496956,6.41291,7950.6387,1440.7426,1166.575,8246.749,1024,1900,1024,1024
609,yaw,[17.380302],520.8353,130.39935,557.03784,-0.041586246,-6.1253853,0.46151683,0.0016857162,-0.07107488,6.4129095,7955.6055,1446.1786,1166.575,8248.966,1024,1900,1024,1024
