episode,reward,reward_ma
0,-36.83701354637742,-36.83701354637742
1,-21.55444921553135,-29.195731380954385
2,-27.560955736320466,-28.65080616607641
3,-34.53982375562191,-30.123060563462786
4,-53.90458328835666,-34.87936510844156
5,-30.642859138548374,-34.17328078012603
6,-35.213359787128866,-34.32186349541215
7,-28.74927332252264,-33.62528972380096
8,-38.46680110320449,-34.16323543262357
9,-73.90327691938728,-38.137239581299944
10,-33.16476618871093,-37.68519654561003
11,-45.10030760709196,-38.30312246740019
12,-20.966443680226803,-36.96953179146378
13,-23.16512707620859,-35.98350288323127
14,-19.14950568974018,-34.861236403665195
15,-61.10089326277375,-36.50121495735948
16,-28.67448620684445,-36.040819148505655
17,-26.63435608148575,-35.51823786700455
18,-41.538308437913656,-35.83508368652608
19,-32.507268860936165,-35.66869294524658
20,-38.771595142781734,-35.816450192748256
21,-34.6430331915617,-35.76311305633069
22,-30.54115917533636,-35.53607158324398
23,-38.12503796070814,-35.64394518230498
24,-20.768368166405708,-35.048922101669014
25,-20.512221168726683,-34.48981821963277
26,-21.361407458782196,-34.00358078404571
27,-38.18135090172291,-34.15278685967704
28,-34.07749608159065,-34.150190625949925
29,-49.60929124150425,-34.66549397980173
30,-100.20453923940659,-36.77965673011157
31,-62.01438707392663,-37.56824205335579
32,-38.080046720802784,-37.58375128570267
33,-22.04806289821863,-37.12681927430608
34,-47.152788024395704,-37.41327552430864
35,-33.36051530763507,-37.30069885162326
36,-32.53018191456795,-37.17176596143258
37,-25.58719709701836,-36.86690888605326
38,-31.75895331799984,-36.73593566635958
39,-21.77982186898589,-36.36203282142524
40,-35.052796714007854,-36.330100233439445
41,-33.84204378724098,-36.27086079424424
42,-20.4251713976264,-35.90235638967174
43,-31.324531070888042,-35.79831490515392
44,-255.67479822877795,-40.684458979012234
45,-25.78379414975643,-40.36053148272407
46,-32.442529544234276,-40.19206335637322
47,-56.169701975770295,-40.52493082761066
48,-56.500177448266186,-40.85095626884853
49,-44.314540416002274,-40.9202279517916
50,-36.13751797936857,-40.826449324881345
51,-30.06019426882267,-40.61940595841868
52,-51.81546336784959,-40.83065232463436
53,-50.13587341085076,-41.00297123363836
54,-47.26199811697006,-41.116771722426215
55,-36.212733402848244,-41.02919960957661
56,-28.10713639855385,-40.80249674622533
57,-78.65170152811334,-41.45506924246478
58,-36.37399723113049,-41.368949377865896
59,-40.15650591626763,-41.34874198683926
60,-33.94923760276288,-41.227438636280624
61,-19.483706684666686,-40.87673328222234
62,-68.27052790671587,-41.31155541911906
63,-28.666698049753904,-41.11397952272273
64,-41.24367281422019,-41.11597480413038
65,-19.546136662364006,-40.78915907470968
66,-25.08762262389064,-40.554807784398946
67,-34.84979632124305,-40.4709105569996
68,-27.000780444592237,-40.27569128000819
69,-22.057013150304556,-40.01542444958385
70,-41.2171330973506,-40.03234992349606
71,-34.629630260169506,-39.9573121503943
72,-33.72716475278139,-39.87196766549549
73,-39.57869263365865,-39.86800448938959
74,-80.22077905386686,-40.40604148358262
75,-31.98325279355049,-40.29521531660851
76,-36.47382974252105,-40.245586932529456
77,-52.06141761317849,-40.397071941255724
78,-23.097843036055565,-40.17809436017724
79,-43.55504922196269,-40.220306295949555
80,-40.01721170544624,-40.21779895532606
81,-54.913202214986086,-40.39701119019996
82,-23.17531229555607,-40.18952084207172
83,-26.46627762913704,-40.026148899060594
84,-16.231830216944218,-39.74621573809452
85,-26.253503369167447,-39.58932373380467
86,-37.48468146473169,-39.56513244335556
87,-37.93176208436489,-39.546571416548844
88,-35.714497117325664,-39.50351440195083
89,-76.16661358624697,-39.91088217066523
90,-75.49653790518641,-40.30193333258305
91,-49.18379921745509,-40.398475353070786
92,-74.16448152065277,-40.76155068820608
93,-34.98292930983007,-40.70007599269144
94,-86.7487626709044,-41.18479901035684
95,-34.437251806259155,-41.114512060314155
96,-24.976415373384953,-40.94813992952107
97,-68.25121892802417,-41.226742776444574
98,-77.4702745070681,-41.59283905655188
99,-30.87317617982626,-41.485642427784626
100,-28.624781418591738,-41.40352010650677
101,-63.18705468066037,-41.819846161158054
102,-50.13928037881851,-42.045629407583036
103,-22.782028377056122,-41.92805145379738
104,-25.81323302537203,-41.64713795116754
105,-28.45792745053768,-41.62528863428743
106,-33.52745109796524,-41.60842954739579
107,-36.04595797043294,-41.68139639387489
108,-66.18596458435059,-41.95858802868636
109,-52.302914533764124,-41.742584404830126
110,-29.57566326111555,-41.70669337555417
111,-97.9587224193383,-42.23527752367663
112,-29.786038495600224,-42.32347347183037
113,-31.527859397232533,-42.407100795040606
114,-39.14912114292383,-42.607096949572444
115,-19.32603196799755,-42.18934833662468
116,-22.80596174299717,-42.13066309198621
117,-31.859021770302206,-42.18290974887437
118,-32.59083637595177,-42.09343502825475
119,-24.41983936727047,-42.0125607333181
120,-29.142507024109364,-41.91626985213137
121,-61.08857684209943,-42.18072528863675
122,-35.701712276786566,-42.23233081965125
123,-32.167062781751156,-42.17275106786168
124,-56.123622654005885,-42.526303612737685
125,-34.503699354827404,-42.666218394598694
126,-64.70932454243302,-43.0996975654352
127,-42.123713567852974,-43.139121192096496
128,-70.74398944526911,-43.50578612573329
129,-60.66885267198086,-43.61638174003805
130,-39.31907709687948,-43.00752711861278
131,-28.87203554669395,-42.67610360334045
132,-30.471590753644705,-42.60001904366887
133,-23.724580705165863,-42.61678422173834
134,-18.544735533185303,-42.33070369682624
135,-55.1224018111825,-42.54832256186172
136,-23.83067423850298,-42.461327485101066
137,-28.709743428975344,-42.49255294842064
138,-75.96639082953334,-42.93462732353597
139,-84.35801724344492,-43.56040927728056
140,-28.377007264643908,-43.49365138278692
141,-38.944395646452904,-43.54467490137904
142,-39.46694836765528,-43.73509267107933
143,-26.19862823933363,-43.68383364276379
144,-22.67422066628933,-41.3538278671389
145,-35.594388231635094,-41.45193380795769
146,-18.074757024645805,-41.3082560827618
147,-40.12352231564,-41.1477942861605
148,-86.78211699426174,-41.45061368162045
149,-56.31460416316986,-41.57061431909213
150,-75.1985226944089,-41.96122436624253
151,-35.4250181093812,-42.01487260464812
152,-49.030224062502384,-41.98702021159465
153,-35.91127747297287,-41.84477425221586
154,-35.719762647524476,-41.72935189752141
155,-98.76320543885231,-42.35485661788145
156,-46.4542544670403,-42.538327798566314
157,-34.735565677285194,-42.099166440058035
158,-39.57568793086648,-42.13118334705539
159,-114.1911664493382,-42.8715299523861
160,-35.5045779729262,-42.887083356087736
161,-46.23479540646076,-43.154594243305674
162,-35.25275179743767,-42.82441648221289
163,-35.81514348089695,-42.89590093652432
164,-37.76430490240455,-42.86110725740617
165,-27.25101286638528,-42.93815601944638
166,-19.845115661621094,-42.88573094982368
167,-36.322504967451096,-42.90045803628576
168,-26.46353407856077,-42.89508557262545
169,-23.40755009278655,-42.90859094205027
170,-22.94164438545704,-42.725836054931335
171,-16.371436804533005,-42.54325412037497
172,-42.62542485073209,-42.632236721354474
173,-25.041562773287296,-42.48686542275076
174,-23.005935644730926,-41.9147169886594
175,-16.042395181953907,-41.755308412543435
176,-42.34320852160454,-41.81400220033427
177,-41.24388476088643,-41.705826871811354
178,-27.539875525981188,-41.7502471967106
179,-33.56577215343714,-41.65035442602535
180,-35.517746195197105,-41.60535977092286
181,-37.906463243067265,-41.43529238120367
182,-46.635077722370625,-41.669890035471816
183,-63.0295817181468,-42.03552307636191
184,-35.17464695870876,-42.22495124377956
185,-32.99642097949982,-42.29238041988288
186,-60.720176845788956,-42.52473537369346
187,-42.06407628208399,-42.56605851567065
188,-68.5981613099575,-42.89489515759696
189,-46.06953862681985,-42.59392440800269
190,-42.28423798084259,-42.261801408759254
191,-68.35487742349505,-42.45351219081966
192,-25.155448228120804,-41.96342185789434
193,-25.299304232001305,-41.86658560711605
194,-60.35331726074219,-41.60263115301443
195,-39.162747614085674,-41.64988611109269
196,-33.825752675533295,-41.738379484114176
197,-48.607185676693916,-41.54193915160087
198,-44.165448158979416,-41.20889088811999
199,-51.13682875037193,-41.41152741382544
200,-74.35822897404432,-41.86886188937997
201,-64.67894201725721,-41.883780762745936
202,-59.50580698251724,-41.97744602878292
203,-61.97856917977333,-42.3694114368101
204,-33.2625133395195,-42.44390423995157
205,-24.410439617931843,-42.40342936162551
206,-41.88398689031601,-42.48699471954902
207,-22.897815842181444,-42.35551329826651
208,-24.9833125770092,-41.94348677819309
209,-30.56390929222107,-41.72609672577766
210,-110.7619015686214,-42.53795910885272
211,-21.563820213079453,-41.77401008679013
212,-38.039080483838916,-41.856540506672516
213,-17.385220363736153,-41.71511411633755
214,-26.91845343261957,-41.59280743923451
215,-25.788277057930827,-41.65742989013384
216,-22.341552060097456,-41.652785793304844
217,-16.67986023426056,-41.50099417794443
218,-79.73327064607292,-41.97241852064564
219,-30.68326872587204,-42.035052814231655
220,-26.917229533195496,-42.01280003932252
221,-81.80821996927261,-42.21999647059425
222,-39.6276044389233,-42.25925539221562
223,-19.964356876909733,-42.1372283331672
224,-20.746514830738306,-41.783457254934525
225,-61.518026646226645,-42.05360052784852
226,-42.16316284239292,-41.82813891084812
227,-19.16829628869891,-41.59858473805658
228,-34.475898027420044,-41.23590382387809
229,-24.778402633965015,-40.87699932349793
230,-25.22887136787176,-40.73609726620785
231,-21.326724480837584,-40.66064415554929
232,-12.137881070375443,-40.4773070587166
233,-34.11214176937938,-40.58118266935873
234,-55.21936059743166,-40.947928920001196
235,-21.04768293350935,-40.607181731224465
236,-21.06229443103075,-40.57949793314974
237,-75.3060963479802,-41.04546146233979
238,-45.65364947170019,-40.74233404876146
239,-32.48126608133316,-40.22356653714034
240,-30.941576540470123,-40.2492122298986
241,-30.187310740351677,-40.161641380837594
242,-49.46986096538603,-40.2616705068149
243,-47.77272041887045,-40.47741142861027
244,-37.10332566127181,-40.62170247856009
245,-26.479010477662086,-40.530548701020365
246,-53.60066261142492,-40.885807756888155
247,-50.23656463623047,-40.98693818009406
248,-34.96509673073888,-40.46876797745883
249,-34.43908120691776,-40.25001274789631
250,-40.14196376502514,-39.89944715860247
251,-36.242114290595055,-39.90761812041461
252,-29.94020502269268,-39.716717930016515
253,-47.49989202618599,-39.832604075548645
254,-51.795145235955715,-39.99335790143296
255,-135.79998678108677,-40.3637257148553
256,-53.43502005748451,-40.43353337075974
257,-35.675384379923344,-40.442931557786125
258,-58.27475659549236,-40.62992224443238
259,-13.394305123016238,-39.62195363116916
260,-25.04860447347164,-39.51739389617462
261,-27.04448050260544,-39.325490747136065
262,-23.28410503268242,-39.20580427948851
263,-35.80126518011093,-39.20566549648065
264,-35.15232336521149,-39.17954568110872
265,-76.38186704926193,-39.670854222937486
266,-28.018288671970367,-39.75258595304098
267,-68.78400857746601,-40.077200989141126
268,-100.1978408228606,-40.814544056584126
269,-104.11183864809573,-41.62158694213722
270,-29.41528668254614,-41.68632336510811
271,-37.03952568024397,-41.89300425386522
272,-24.318437810987234,-41.70993438346777
273,-36.74722405336797,-41.82699099626858
274,-89.75975160114467,-42.494529155832716
275,-51.63706151582301,-42.85047581917141
276,-49.2785043399781,-42.91982877735514
277,-38.97315528616309,-42.89712148260791
278,-71.90476997569203,-43.340770427105014
279,-35.734016589820385,-43.36245287146885
280,-28.95858533680439,-43.296861262884924
281,-24.183753192424774,-43.159634162378495
282,-17.357818827033043,-42.86686157342512
283,-24.12554932385683,-42.47782124948222
284,-68.62250759452581,-42.81229985584039
285,-100.7105070836842,-43.489440716882235
286,-28.95124927163124,-43.17175144114066
287,-31.35798242688179,-43.06469050258864
288,-45.432937771081924,-42.83303826719988
289,-21.671481043100357,-42.58905769136268
290,-25.84335605800152,-42.42464887213428
291,-35.50023954361677,-42.09610249333549
292,-46.95478343963623,-42.314095845450645
293,-17.30929157882929,-42.234195718918926
294,-32.749648816883564,-41.95815903448034
295,-26.53314945846796,-41.83186305292416
296,-17.26350339129567,-41.66624056008179
297,-32.943382039666176,-41.50960252371151
298,-55.526201628148556,-41.6232100584032
299,-32.315684109926224,-41.43499861199874
300,-49.753626208752394,-41.18895258434583
301,-29.6707348190248,-40.8388705123635
302,-33.56131698936224,-40.57942561243195
303,-92.84984171763062,-40.888138337810524
304,-28.962070547044277,-40.845133909885774
305,-33.37402440607548,-40.93476975776721
306,-38.045483753085136,-40.8963847263949
307,-29.781229257583618,-40.96521886054892
308,-25.010914927348495,-40.96549488405231
309,-33.18095326051116,-40.99166532373521
310,-33.656554808840156,-40.2206118561374
311,-73.39169091405347,-40.738890563147145
312,-93.24989124387503,-41.290998670747506
313,-29.084214352071285,-41.40798861063085
314,-23.72898207232356,-41.37609389702789
315,-32.050189673900604,-41.438713023187596
316,-41.68463110923767,-41.632143813678994
317,-62.639514952898026,-42.09174036086537
318,-67.69794255122542,-41.971387079916894
319,-23.508104145526886,-41.89963543411344
320,-27.085963986814022,-41.90132277864963
321,-61.326073192059994,-41.6965013108775
322,-13.633171238005161,-41.43655697886832
323,-19.81752923876047,-41.43508870248683
324,-23.57040397822857,-41.46332759396173
325,-27.852927930653095,-41.126676606805994
326,-36.41105415299535,-41.069155519912016
327,-35.72961667086929,-41.23476872373372
328,-78.32858737092465,-41.67329561716877
329,-94.19867576472461,-42.36749834847637
330,-119.65288647264242,-43.31173849952407
331,-61.403684336692095,-43.712508098082616
332,-41.428420931100845,-44.00541349668987
333,-31.17098940908909,-43.976001973086966
334,-70.05701619014144,-44.124378529014066
335,-39.39128806069493,-44.30781458028592
336,-41.6809938699007,-44.51400157467462
337,-21.716341868042946,-43.97810402987525
338,-29.43223287165165,-43.815889863874766
339,-57.40588643029332,-44.065136067364364
340,-34.27792129665613,-44.098499514926225
341,-24.696639493107796,-44.04359280245379
342,-76.4883573371917,-44.313777766171846
343,-41.290913961827755,-44.248959701601414
344,-27.796384528279305,-44.15589029027149
345,-29.626143891364336,-44.18736162440851
346,-87.34441368840635,-44.52479913517833
347,-38.569361745379865,-44.40812710626982
348,-41.82744586840272,-44.47675059764646
349,-56.682462617754936,-44.69918441175483
350,-78.96315017342567,-45.087396275838834
351,-51.23695054277778,-45.23734463836067
352,-25.95797771960497,-45.19752236532979
353,-29.893313333392143,-45.021456578401846
354,-44.91976802051067,-44.9527028062474
355,-29.10729195177555,-43.885775857954286
356,-42.47335188090801,-43.77615917618852
357,-40.60396184027195,-43.825444950792004
358,-30.821492850780487,-43.55091231334489
359,-16.904444620013237,-43.58601370831486
360,-38.7039125431329,-43.72256678901147
361,-23.677640303969383,-43.68889838702511
362,-41.2306550797075,-43.86836388749536
363,-92.65825483202934,-44.43693378401454
364,-42.860398039221764,-44.51401453075465
365,-20.17171023786068,-43.951912962640634
366,-34.820921681821346,-44.019939292739146
367,-60.459885681048036,-43.93669806377497
368,-23.58272248134017,-43.17054688035976
369,-81.09804648533463,-42.94040895873215
370,-47.752680805977434,-43.123782899966464
371,-37.5891672372818,-43.12927931553684
372,-34.78634458780289,-43.233958383305
373,-31.767517138272524,-43.184161314154046
374,-53.071313958615065,-42.81727693772875
375,-35.86085020750761,-42.65951482464559
376,-24.186220794916153,-42.408591989194974
377,-46.44691578485072,-42.48332959418185
378,-56.10925882309675,-42.325374482655896
379,-31.200660213828087,-42.28004091889598
380,-30.244370251893997,-42.29289876804687
381,-29.759826451539993,-42.34865950063802
382,-53.750100588425994,-42.712582318251954
383,-32.89705941081047,-42.80029741912149
384,-31.799981653690338,-42.43207215971314
385,-53.296679112594575,-41.95793388000224
386,-31.171737253665924,-41.98013875982259
387,-24.15398859977722,-41.90809882155154
388,-34.525425370782614,-41.79902369754855
389,-60.86477244645357,-42.19095661158208
390,-34.39487190544605,-42.276471770056524
391,-32.66449240595102,-42.248114298679866
392,-75.75091445446014,-42.53607560882811
393,-44.72780016809702,-42.81026069472078
394,-43.08129427488893,-42.913577149300835
395,-16.9603010173887,-42.81784866489004
396,-34.17129622399807,-42.98692659321707
397,-34.13960984349251,-42.99888887125533
398,-29.86838766373694,-42.74231073161121
399,-22.942064084112644,-42.64857453135308
400,-35.35921834409237,-42.50463045270648
401,-51.40090308338404,-42.72193213535007
402,-34.42239058017731,-42.73054287125822
403,-43.13220766372979,-42.233366530719216
404,-61.91045953333378,-42.56285042058211
405,-47.09632149338722,-42.70007339145523
406,-24.93922394514084,-42.56901079337578
407,-33.98292105644941,-42.61102771136444
408,-51.48232112079859,-42.87574177329894
409,-53.2094039209187,-43.07602627990302
410,-31.027178306132555,-43.04973251487594
411,-36.38866012170911,-42.6797022069525
412,-32.002092249691486,-42.06722421701066
413,-31.153774343430996,-42.087919816924256
414,-37.03454577177763,-42.2209754539188
415,-52.65683238208294,-42.427041881000626
416,-139.20241688005626,-43.40221973870881
417,-31.082348973490298,-43.086648078914735
418,-53.2845205180347,-42.94251385858283
419,-45.879138335585594,-43.16622420048341
420,-51.730790480971336,-43.41267246542498
421,-51.21479650656693,-43.31155969857005
422,-84.88252751342952,-44.0240532613243
423,-47.105632938444614,-44.29693429832114
424,-25.021195396780968,-44.31144221250666
425,-41.27856305241585,-44.44569856372429
426,-51.94719212129712,-44.60105994340731
427,-30.68809150159359,-44.55064469171455
428,-26.816985309123993,-44.03552867109654
429,-24.937975481385365,-43.34292166826315
430,-19.631268188357353,-42.3427054854203
431,-24.03013263642788,-41.96896996841766
432,-95.31255750358105,-42.50781133414246
433,-31.344478480517864,-42.50954622485675
434,-33.26083143800497,-42.141584377335384
435,-35.770811442285776,-42.10537961115129
436,-21.042805522680283,-41.89899772767909
437,-22.27199650555849,-41.90455427405424
438,-76.77160138264298,-42.37794795916416
439,-32.82880552858114,-42.13217715014704
440,-39.46510621160269,-42.1840489992965
441,-40.815395165234804,-42.345236556017774
442,-22.170256853103638,-41.80205555117689
443,-34.98960565775633,-41.73904246813618
444,-28.215387653559446,-41.74323249938898
445,-45.6123277079314,-41.90309433755465
446,-22.838833406567574,-41.25803853473626
447,-23.429071594029665,-41.10663563322276
448,-19.207870054990053,-40.88043987508863
449,-56.09883876144886,-40.87460363652557
450,-73.49642185866833,-40.819936353378
451,-49.13022638857365,-40.798869111835955
452,-75.51247097365558,-41.29441404437646
453,-95.72957990132272,-41.952776710055765
454,-41.00837403535843,-41.91366277020425
455,-59.71239370107651,-42.21971378769726
456,-80.76370652019978,-42.602617334090176
457,-66.16336328536272,-42.85821134854108
458,-35.07186937332153,-42.900715113766495
459,-35.3948504216969,-43.08561917178333
460,-23.47760295122862,-42.93335607586428
461,-37.86990889906883,-43.07527876181528
462,-21.540599904954433,-42.87837821006775
463,-26.913582295179367,-42.22093148469925
464,-35.82244999706745,-42.150552004277706
465,-37.48418880137615,-42.32367678991286
466,-27.962917430326343,-42.255096747397914
467,-37.088482938706875,-42.0213827199745
468,-25.561703458428383,-42.04117252974538
469,-22.159635357558727,-41.45178841846762
470,-40.61127644777298,-41.38037437488558
471,-17.656125493347645,-41.181043957446235
472,-45.20944354496896,-41.285274947017896
473,-37.43378930538893,-41.34193766868906
474,-35.515157148242,-41.16637610058533
475,-65.99102240614593,-41.467677822571716
476,-22.57834619283676,-41.45159907655092
477,-42.88272578828037,-41.415957176585216
478,-40.41103392094374,-41.258974927563685
479,-36.722205460071564,-41.31419038002612
480,-30.04196240194142,-41.312166301526595
481,-21.76426588743925,-41.232210695885584
482,-46.433640606701374,-41.159046096068344
483,-53.21750774234533,-41.36225057938369
484,-18.9057130292058,-41.23330789313884
485,-27.3083705753088,-40.97342480776599
486,-34.465989258140326,-41.00636732781073
487,-67.17696215212345,-41.43659706333419
488,-48.67525025457144,-41.57809531217208
489,-114.68219517264515,-42.116269539434
490,-43.93429912999272,-42.211663811679465
491,-51.89006707444787,-42.403919558364436
492,-27.977446944918483,-41.926184883269016
493,-24.269543878734112,-41.72160232037539
494,-56.10810065641999,-41.8518703841907
495,-30.16845890879631,-41.98395196310477
496,-72.14421934448183,-42.36368119430961
497,-52.10877254605293,-42.54337282133522
498,-54.40212705731392,-42.78871021527098
499,-37.89011665433645,-42.938190740973226
500,-36.91437832638621,-42.95374234079616
501,-41.191293612122536,-42.85164624608355
502,-46.05084538459778,-42.96793079412775
503,-29.899008102715015,-42.8355987985176
504,-42.947862066328526,-42.64597282384755
505,-55.763268657028675,-42.73264229548396
506,-22.889709025621414,-42.71214714628877
507,-78.32410910725594,-43.15555902679684
508,-43.12983202189207,-43.07203413580777
509,-31.666177790611982,-42.856601874504705
510,-32.21299062669277,-42.8684599977103
511,-22.050035893917084,-42.72507375543238
512,-43.77635905332863,-42.842816423468754
513,-21.30290873348713,-42.74430776736932
514,-58.16952085494995,-42.95565751820104
515,-109.85686720814556,-43.52765786646167
516,-55.67680035531521,-42.69240170121426
517,-27.14892128435895,-42.65306742432294
518,-44.31219124048948,-42.563344131547495
519,-24.491495236754417,-42.34946770055918
520,-28.428928498877212,-42.11644908073824
521,-83.47892897203565,-42.439090405392925
522,-100.32918142899871,-42.59355694454862
523,-56.79731111973524,-42.690473726361525
524,-100.63743501715362,-43.44663612256525
525,-100.22001977171749,-44.03605068975827
526,-26.853037402033806,-43.78510914256563
527,-33.71400627493858,-43.815368290299084
528,-70.46173693612218,-44.25181580656906
529,-43.25684345513582,-44.43500448630657
530,-92.92650642059743,-45.16795686862897
531,-78.29529049992561,-45.71060844726395
532,-31.605507869273424,-45.07353795092087
533,-50.96595066040754,-45.26975267271977
534,-32.329325553029776,-45.26043761387002
535,-54.17470932379365,-45.4444765926851
536,-19.70078758150339,-45.431056413273325
537,-29.537838404998183,-45.503714832267725
538,-57.548651214689016,-45.311485330588184
539,-55.18198983371258,-45.535017173639496
540,-32.39709440711886,-45.46433705559466
541,-22.269958667457104,-45.27888269061688
542,-24.182774148881435,-45.29900786357466
543,-54.665081053972244,-45.49576261753682
544,-50.03406799584627,-45.713949420959686
545,-50.043901327531785,-45.75826515715569
546,-54.17842236161232,-46.07166104670614
547,-28.585727617144585,-46.12322760693729
548,-33.75776347517967,-46.26872654113919
549,-25.18569253012538,-45.95959507882595
550,-37.59329381771386,-45.6005637984164
551,-22.83688015770167,-45.337630336107686
552,-17.345590204000473,-44.755961528411135
553,-78.99201103113592,-44.58858583970927
554,-129.70830257609487,-45.47558512511663
555,-57.810745956376195,-45.45656864766963
556,-31.119187131524086,-44.96012345378287
557,-41.3300800062716,-44.71179062099196
558,-36.2856113165617,-44.72392804042436
559,-25.834178566932678,-44.62832132187672
560,-25.60801339149475,-44.64962542627938
561,-46.33087881654501,-44.73423512545414
562,-41.470876635983586,-44.933537892764434
563,-44.086675360798836,-45.10526882342063
564,-55.59053125232458,-45.3029496359732
565,-59.75979331880808,-45.52570568114752
566,-28.459697920829058,-45.53067348605255
567,-46.12261549383402,-45.62101481160382
568,-71.53505422919989,-46.08074831931153
569,-16.43752795830369,-46.02352724531898
570,-69.32804507017136,-46.31069493154297
571,-22.78405238687992,-46.361974200478286
572,-21.721387922763824,-46.127093644256234
573,-53.129182662814856,-46.2840475778305
574,-50.3096499890089,-46.43199250623817
575,-26.64186891168356,-46.038500971293544
576,-44.93255572486669,-46.26204306661384
577,-70.855870813597,-46.54177451686701
578,-33.954724624753,-46.4772114239051
579,-28.739141330122948,-46.397380782605616
580,-52.415638253092766,-46.62111754111713
581,-35.121436789631844,-46.75468925013905
582,-60.147767655551434,-46.89183052062756
583,-36.493552818894386,-46.72459097139304
584,-50.15972671657801,-47.03713110826677
585,-39.79279437661171,-47.161975346279796
586,-35.383730471134186,-47.17115275840973
587,-25.124859388917685,-46.75063173077768
588,-86.91303857415915,-47.133009613973556
589,-34.58921291679144,-46.33207979141502
590,-22.11505275592208,-46.11388732767431
591,-38.27216921746731,-45.9777083491045
592,-47.84268247336149,-46.176360704388934
593,-39.885642662644386,-46.332521692228035
594,-93.88805344048887,-46.71032122006873
595,-33.34784370660782,-46.74211506804684
596,-31.18708309531212,-46.332543705555146
597,-28.307160809636116,-46.09452758819098
598,-43.338319811969995,-45.98388951573754
599,-89.30891335010529,-46.49807748269522
600,-27.96915916725993,-46.40862529110396
601,-45.14950788766146,-46.44820743385935
602,-47.02350842952728,-46.457934064308645
603,-40.22475356049836,-46.56119151888648
604,-33.012568578124046,-46.46183858400443
605,-49.94631553441286,-46.40366905277828
606,-29.51297875959426,-46.469901750118005
607,-39.863478645682335,-46.08529544550227
608,-35.19003589451313,-46.005897484228484
609,-17.569559793919325,-45.86493130426155
610,-44.84858722984791,-45.99128727029311
611,-85.5486698821187,-46.62627361017512
612,-43.99925960600376,-46.628502615701876
613,-62.68657527118921,-47.042339281078895
614,-19.383312409743667,-46.65447719662683
615,-21.31296231597662,-45.76903814770514
616,-41.91116710007191,-45.63138181515271
617,-40.17272697389126,-45.76161987204803
618,-65.18374315556139,-45.97033539119875
619,-45.60848689824343,-46.18150530781364
620,-45.70226326584816,-46.35423865548335
621,-26.291482023894787,-45.78236418600194
622,-54.3413026407361,-45.32248539811931
623,-42.80215638875961,-45.18253385080956
624,-29.38823176920414,-44.47004181833007
625,-196.0443058591336,-45.428284679204225
626,-65.59423929452896,-45.81569669812918
627,-59.99241849780083,-46.0784808203578
628,-112.05503766983747,-46.494413827694956
629,-63.06841201148927,-46.692529513258485
630,-29.614469435065985,-46.05940914340317
631,-22.05109144002199,-45.49696715280414
632,-99.01877423841506,-46.171099816495556
633,-56.431862868368626,-46.22575893857516
634,-46.52940113842487,-46.36775969442911
635,-86.62836857512593,-46.69229628694244
636,-36.00575939565897,-46.855346005083994
637,-51.193907629698515,-47.071906697330995
638,-49.77181659638882,-46.994138351147996
639,-44.23888771235943,-46.884707329934464
640,-35.55445582419634,-46.91628094410524
641,-43.52075224369764,-47.12878887986764
642,-29.705345425289124,-47.18401459263172
643,-32.82765977829695,-46.96564037987497
644,-48.59590323269367,-46.95125873224344
645,-62.61841488908976,-47.07700386785902
646,-34.61974786221981,-46.881417122865095
647,-45.25008460879326,-47.04806069278158
648,-111.55113937705755,-47.82599445180036
649,-30.220373779535294,-47.87634126429446
650,-91.725641425699,-48.41766474037431
651,-34.09026566892862,-48.53019859548658
652,-37.922050677239895,-48.735963200218976
653,-70.92081262916327,-48.65525121619925
654,-28.90951281785965,-47.64726331861689
655,-57.38146424666047,-47.64297050151974
656,-37.38955621421337,-47.705674192346635
657,-37.064808785915375,-47.66302148014307
658,-23.508278515189886,-47.535248152129356
659,-38.35956420004368,-47.66050200846046
660,-106.92562387138605,-48.473678113259375
661,-20.048583291471004,-48.210855158008634
662,-79.74346055462956,-48.5935809971951
663,-31.178611159324646,-48.464500355180355
664,-41.35434493422508,-48.32213849199936
665,-45.00934022665024,-48.17463396107778
666,-66.46692013274878,-48.55470618319698
667,-118.96496573090553,-49.283129685567694
668,-36.09736859053373,-48.92875282918103
669,-40.83902242779732,-49.17276777387597
670,-21.19430623948574,-48.69143038556911
671,-22.396665543317795,-48.68755651713349
672,-40.61956724524498,-48.8765383103583
673,-30.355018507689238,-48.648796668807044
674,-30.460932210087776,-48.45030949101783
675,-30.758550565689802,-48.491476307557896
676,-34.44254135526717,-48.3865761638619
677,-22.10944053158164,-47.899111861041746
678,-27.711955443024635,-47.83668416922446
679,-16.85007755458355,-47.71779353146907
680,-27.022145990282297,-47.463858608840965
681,-27.295559663325548,-47.3855998375779
682,-27.549315832555294,-47.05961531934794
683,-39.031920559704304,-47.08499899675604
684,-27.791971366852522,-46.86132144325879
685,-31.11138842999935,-46.77450738379266
686,-42.939766796305776,-46.85006774704438
687,-34.57697610557079,-46.94458891421091
688,-36.74044209718704,-46.442862949441185
689,-40.59424491971731,-46.50291326947045
690,-50.47684261202812,-46.78653116803151
691,-37.69014175236225,-46.78071089338046
692,-27.319391950964928,-46.57547798815649
693,-28.40475060045719,-46.46066906753462
694,-18.050102155655622,-45.70228955468629
695,-36.565373823046684,-45.734464855850675
696,-38.957618203014135,-45.812170206927696
697,-80.28509996226057,-46.33194959845394
698,-77.49221773818135,-46.67348857771605
699,-37.55316385626793,-46.15593108277768
700,-18.868911370635033,-46.06492860481143
701,-26.59008425101638,-45.87933436844498
702,-36.6985492259264,-45.77608477640897
703,-33.83926519751549,-45.71222989277914
704,-28.098834857344627,-45.663092555571346
705,-22.82833644747734,-45.39191276470199
706,-43.089342430233955,-45.52767640140839
707,-36.03385575860739,-45.489380172537636
708,-20.85780356824398,-45.34605784927495
709,-65.933749191463,-45.82969974325039
710,-26.453530453145504,-45.64574917548336
711,-43.483694300055504,-45.225099419662726
712,-45.622725646942854,-45.24133408007212
713,-22.796404272317886,-44.84243237008341
714,-47.41305133700371,-45.122729759356005
715,-59.361566476523876,-45.50321580096148
716,-40.5824943035841,-45.4899290729966
717,-86.47515542805195,-45.952953357538206
718,-41.59476846456528,-45.717063610628244
719,-54.410624598152936,-45.80508498762734
720,-51.11136534437537,-45.85917600841262
721,-86.0481436625123,-46.45674262479879
722,-24.746094916015863,-46.160790547551585
723,-39.17478958517313,-46.124516879515724
724,-39.018430434167385,-46.22081886616535
725,-30.77840007841587,-44.568159808358175
726,-22.801903577521443,-44.1402364511881
727,-36.59746344387531,-43.906286900648844
728,-24.791307747364044,-43.033649601424116
729,-16.61876630038023,-42.56915314431302
730,-20.210904002189636,-42.47511748998426
731,-19.886917799711227,-42.45347575358115
732,-34.25154845416546,-41.80580349573866
733,-60.246128640603274,-41.843946153461005
734,-45.213669158518314,-41.830788833661934
735,-62.03994581103325,-41.58490460602101
736,-87.20919492095709,-42.09693896127399
737,-40.01757673174143,-41.98517565229442
738,-25.84621342085302,-41.74591962053906
739,-36.49338886141777,-41.66846463202965
740,-28.883276902139187,-41.60175284280908
741,-83.28086975216866,-41.999354017893786
742,-58.30708821862936,-42.28537144582719
743,-90.53236856497824,-42.862418533694
744,-40.90802093595266,-42.78553971072659
745,-22.018439412117004,-42.37953995595686
746,-55.542139660567045,-42.58876387394034
747,-30.53275451809168,-42.44159057303332
748,-28.13126924727112,-41.60739187173545
749,-18.441341064870358,-41.4896015445888
750,-27.3900860324502,-40.846245990656314
751,-23.08088344335556,-40.73615216840059
752,-71.29689210001379,-41.06990058262832
753,-31.918762411922216,-40.679880080455916
754,-32.831475272774696,-40.719099705005064
755,-32.01625047624111,-40.46544756730087
756,-56.403676964342594,-40.65558877480216
757,-29.499167868867517,-40.579932365631684
758,-44.59240056760609,-40.790773586155844
759,-63.589252814650536,-41.04307047230191
760,-43.968068547546864,-40.413494919063524
761,-47.147265397012234,-40.68448174011893
762,-54.81883056461811,-40.43523544021882
763,-54.93958062119782,-40.67284513483755
764,-58.980838760733604,-40.849110073102636
765,-44.3866628408432,-40.84288329924457
766,-38.3892493955791,-40.56210659187287
767,-32.27079823613167,-39.69516491692513
768,-52.43026186153293,-39.858493849635124
769,-24.12202464789152,-39.69132387183607
770,-57.324845276307315,-40.052629262204285
771,-33.96496404707432,-40.16831224724185
772,-43.29721661657095,-40.19508874095511
773,-42.38397942483425,-40.31537835012656
774,-54.37675841897726,-40.55453661221545
775,-31.157868281006813,-40.55852978936862
776,-41.489305928349495,-40.62899743509944
777,-48.186321310698986,-40.889766242890616
778,-154.7068193666637,-42.15971488212701
779,-26.492171809077263,-42.256135824671944
780,-55.06412810832262,-42.53655564585235
781,-40.1683129966259,-42.66528317918535
782,-59.14829829894006,-42.9812730038492
783,-57.055763214826584,-43.161511430400424
784,-58.145269475877285,-43.46504441149067
785,-51.438963785767555,-43.66832016504836
786,-44.05123200267553,-43.67943481711205
787,-34.18427515029907,-43.675507807559335
788,-48.55046638660133,-43.79360805045348
789,-59.98109118640423,-43.98747651312035
790,-90.06831083446741,-44.383391195344736
791,-34.82535449415445,-44.35474332276266
792,-96.21428058296442,-45.04369220908266
793,-82.56245870143175,-45.5852692900924
794,-24.949278842657804,-45.654261056962426
795,-69.59889463335276,-45.984596265065484
796,-74.3679921478033,-46.33870000451338
797,-48.76941093429923,-46.02354311423376
798,-24.17222050204873,-45.49034314187244
799,-32.274917136877775,-45.43756067467854
800,-38.163895428180695,-45.63051051525399
801,-51.463542215526104,-45.87924509489909
802,-72.30156128108501,-46.23527521545068
803,-48.08527395874262,-46.37773530306295
804,-40.942211627960205,-46.506169070769104
805,-38.83993748947978,-46.66628508118912
806,-49.1924187541008,-46.72731584442779
807,-41.1810933239758,-46.77878822008148
808,-35.16965513676405,-46.921906735766676
809,-32.26059292256832,-46.58517517307773
810,-22.54399287700653,-46.546079797316345
811,-42.59321238100529,-46.53717497812584
812,-33.25862344354391,-46.413533956091854
813,-48.90587434545159,-46.67462865682319
814,-77.8964105695486,-46.97946224914864
815,-21.374609902501106,-46.59959268340841
816,-54.46567299962044,-46.73842447036877
817,-46.22211410291493,-46.3358940571174
818,-27.996929068118334,-46.199915663152936
819,-40.61869257315993,-46.061996342903
820,-56.22304290346801,-46.11311311849393
821,-40.699168868362904,-45.65962337055244
822,-25.834664069116116,-45.67050906208344
823,-49.64985750801861,-45.77525974131189
824,-24.611824141815305,-45.63119367838837
825,-21.065046872012317,-45.534060146324336
826,-46.1489990092814,-45.76753110064194
827,-51.632658042013645,-45.91788304662332
828,-50.657877296209335,-46.17654874211177
829,-32.312639616429806,-46.33348747527227
830,-57.50319688022137,-46.70641040405258
831,-18.4364822357893,-46.691906048413365
832,-42.59184931591153,-46.775309057030825
833,-90.10025480017066,-47.0738503186265
834,-36.279063772410154,-46.98450426476542
835,-31.484745785593987,-46.678952264511025
836,-41.62544807419181,-46.223114796043376
837,-30.816770166158676,-46.13110673038754
838,-114.9554477147758,-47.022199073326775
839,-54.84950314089656,-47.20576021612156
840,-39.88004211336374,-47.31572786823381
841,-26.099181024357677,-46.7439109809557
842,-47.48759202286601,-46.63571601899807
843,-65.61923938803375,-46.386584727228616
844,-36.38837869465351,-46.34138830481563
845,-54.247768584638834,-46.66368159654085
846,-46.64613883942366,-46.57472158832941
847,-33.66330583393574,-46.606027101487854
848,-29.45166899636388,-46.61923109897878
849,-20.15162480250001,-46.63633393635508
850,-78.39238975942135,-47.14635697362479
851,-106.82701055519283,-47.98381824474316
852,-67.81967758759856,-47.94904609961901
853,-31.82126520574093,-47.9480711275572
854,-57.37666845321655,-48.19352305936162
855,-46.249494805932045,-48.335855502658525
856,-48.3354030624032,-48.25517276363913
857,-42.383714001625776,-48.38401822496671
858,-75.64796754717827,-48.694573894762435
859,-52.06025338917971,-48.579283900507725
860,-29.75041490793228,-48.43710736411158
861,-45.582928478717804,-48.42146399492864
862,-24.663541182875633,-48.119911101111214
863,-61.790298294276,-48.18841827784199
864,-110.95719447173178,-48.70818183495197
865,-22.740488469600677,-48.49172009123955
866,-40.27396485209465,-48.51056724580471
867,-98.99064793623984,-49.17776574280579
868,-33.08514418639243,-48.98431456605438
869,-66.58038274664432,-49.40889814704191
870,-24.055380009114742,-49.076203494369985
871,-21.78885591775179,-48.954442413076755
872,-26.4113502278924,-48.785583749189975
873,-68.18805436044931,-49.04362449854612
874,-85.43115584924817,-49.35416847284883
875,-27.160601668059826,-49.31419580671936
876,-39.11316986940801,-49.29043444612995
877,-79.78037618845701,-49.606374994907526
878,-55.719733975827694,-48.61650414099917
879,-44.11092124506831,-48.79269163535908
880,-46.2178542278707,-48.70422889655456
881,-59.74844757467508,-48.90003024233505
882,-58.24279535934329,-48.89097521293908
883,-52.28314275480807,-48.8432490083389
884,-49.80608905851841,-48.75985720416531
885,-37.0564582105726,-48.61603214841336
886,-34.18479756638408,-48.517367804050444
887,-37.01412555202842,-48.54566630806774
888,-41.77322821319103,-48.477893926333635
889,-51.48900281637907,-48.392973042633386
890,-44.33004361996427,-47.935590370488356
891,-31.28317591175437,-47.90016858466435
892,-46.97037287801504,-47.40772950761486
893,-35.95130971074104,-46.94161801770795
894,-26.848386108875275,-46.96060909037013
895,-28.70512568950653,-46.55167140093167
896,-44.97522162646055,-46.25774369571823
897,-54.35736481240019,-46.31362323449925
898,-44.63056820631027,-46.518206711541865
899,-44.77635692805052,-46.64322110945359
900,-34.601504638791084,-46.60759720155969
901,-76.13633897155523,-46.85432516911998
902,-48.451266173273325,-46.61582221804187
903,-31.44977267086506,-46.44946720516309
904,-58.33063619211316,-46.62335145080462
905,-32.866509802639484,-46.563617173936215
906,-25.649002789519727,-46.32818301429041
907,-24.754159539937973,-46.16391367645003
908,-28.236776053905487,-46.094584885621444
909,-32.026718340814114,-46.092246139803905
910,-42.38638458400965,-46.290670056873935
911,-46.16007551550865,-46.32633868821897
912,-23.161124397069216,-46.22536369775422
913,-68.39836674183607,-46.420288621718065
914,-79.46207679435611,-46.43594528396614
915,-50.965694051235914,-46.73185612545349
916,-33.89554552361369,-46.526154850693416
917,-65.82228428218514,-46.72215655248612
918,-44.84662175364792,-46.89065347934142
919,-33.946080446243286,-46.823927358072254
920,-34.18052667379379,-46.60350219577551
921,-44.11648364365101,-46.63767534352839
922,-29.82165163825266,-46.67754521921975
923,-45.43280378356576,-46.63537468197523
924,-35.26304052770138,-46.74188684583409
925,-43.80642817169428,-46.96930065883091
926,-42.739110846072435,-46.93520177719882
927,-58.10583966970444,-46.999933593475724
928,-51.50425013154745,-47.00839732182911
929,-37.116491593420506,-47.05643584159901
930,-77.23099112976342,-47.25371378409444
931,-47.56868563592434,-47.54503581809578
932,-62.95902965182904,-47.74870762145496
933,-28.52795078791678,-47.13298458133242
934,-58.933944668620825,-47.35953339029453
935,-37.229936704039574,-47.41698529947898
936,-63.94421556033194,-47.64017297434039
937,-33.944302313029766,-47.67144829580909
938,-42.75222427025437,-46.949416061363884
939,-30.298416897654533,-46.70390519893146
940,-35.22323429584503,-46.657337120756274
941,-24.296999026089907,-46.639315300773596
942,-82.1357529759407,-46.985796910304344
943,-26.479963526129723,-46.5944041516853
944,-30.706292256712914,-46.5375832873059
945,-46.473578471690416,-46.459841386176414
946,-61.59789947792888,-46.60935899256147
947,-48.27260172367096,-46.75545195145882
948,-56.88832948729396,-47.02981855636812
949,-44.25164020434022,-47.27081871038652
950,-29.13428021967411,-46.778237614989045
951,-71.4363153129816,-46.42433066256694
952,-49.01076474040747,-46.23624153409502
953,-66.87587615847588,-46.58678764362237
954,-29.981149844825268,-46.31283245753846
955,-47.06073293508962,-46.32094483883004
956,-68.83470181003213,-46.525937826306325
957,-60.76306028664112,-46.70973128915648
958,-54.53850903734565,-46.49863670405816
959,-36.572636887431145,-46.343760539040666
960,-23.39849068969488,-46.28024129685829
961,-33.48526120185852,-46.1592646240897
962,-38.75155619857833,-46.300144774246725
963,-89.02460193261504,-46.57248781063012
964,-100.83268764056265,-46.471242742318424
965,-30.99229460209608,-46.55376080364338
966,-34.530042603611946,-46.496321581158554
967,-33.695001780986786,-45.84336511960603
968,-29.646011866629124,-45.80897379640839
969,-45.16725537739694,-45.594842522715915
970,-41.329761143773794,-45.76758633406251
971,-39.97454799246043,-45.949443254809594
972,-34.703729167580605,-46.032367044206474
973,-22.81969854515046,-45.578683486053485
974,-52.32760876044631,-45.24764801516547
975,-23.331386007368565,-45.20935585855855
976,-33.761401284486055,-45.15583817270934
977,-35.288330532610416,-44.710917716150874
978,-63.895577017217875,-44.79267614656477
979,-46.62685752287507,-44.81783550934284
980,-38.596707835793495,-44.74162404542207
981,-39.19286568462849,-44.5360682265216
982,-155.20797178614885,-45.50571999078966
983,-33.499568961560726,-45.31788425285718
984,-73.86576566845179,-45.55848101895652
985,-70.19879371672869,-45.88990437401808
986,-56.068397648632526,-46.108740374840565
987,-41.522368021309376,-46.15382279953337
988,-64.40533892530948,-46.38014390665456
989,-39.624742709100246,-46.26150130558177
990,-29.417188361287117,-46.112372752995
991,-29.671623088419437,-46.09625722476165
992,-190.5084275752306,-47.531637771733806
993,-32.82040134072304,-47.500328688033626
994,-28.764550619758666,-47.51949033314246
995,-51.259873267263174,-47.745037808920024
996,-68.400479959324,-47.97929039224866
997,-33.61191442608833,-47.77183588838554
998,-37.708858989179134,-47.70261879621423
999,-25.289801858365536,-47.50775324551738
1000,-58.3458209275268,-47.74519640840474
1001,-21.39095837622881,-47.19774260245147
1002,-67.71590453572571,-47.390388986076
1003,-52.71523463120684,-47.60304360567941
1004,-57.423395708203316,-47.593971200840315
1005,-35.45206245034933,-47.61982672731742
1006,-56.21744046360254,-47.925511104058245
1007,-35.290850058197975,-48.030878009240844
1008,-25.690312245860696,-48.005413371160394
1009,-25.261624857783318,-47.93776243633008
1010,-43.72151707485318,-47.951113761238524
1011,-29.243604317307472,-47.78194904925651
1012,-34.034449115395546,-47.89068229643977
1013,-22.58465115353465,-47.432545140556755
1014,-32.3433782979846,-46.96135815559305
1015,-19.116534486413002,-46.642866559944814
1016,-22.835025757551193,-46.53226136228419
1017,-28.40432862751186,-46.15808180573745
1018,-23.034137427806854,-45.939956962479044
1019,-113.47581431269646,-46.73525430114358
1020,-45.458462715148926,-46.84803366155713
1021,-41.01443951763213,-46.81701322029694
1022,-58.86180503666401,-47.10741475428105
1023,-33.831367425620556,-46.9914003907016
1024,-52.49337814748287,-47.16370376689942
1025,-35.30555614642799,-47.07869504664675
1026,-22.256975077092648,-46.873873688956955
1027,-42.26582423970103,-46.71547353465692
1028,-17.687107488512993,-46.37730210822658
1029,-30.743079364299774,-46.31356798593537
1030,-29.18173384293914,-45.83307541306713
1031,-34.35258964449167,-45.7009144531528
1032,-79.27069152891636,-45.86403107192368
1033,-30.60544641315937,-45.8848060281761
1034,-82.33213959634304,-46.11878797745332
1035,-32.41319600492716,-46.0706205704622
1036,-66.90132647007704,-46.10019167955965
1037,-27.445873642340302,-46.035207392852755
1038,-30.149477802217007,-45.90917992817238
1039,-25.78126583993435,-45.86400841759518
1040,-23.91791830211878,-45.750955257657914
1041,-18.134160071611404,-45.68932686811313
1042,-28.322908401489258,-45.151198422368616
1043,-67.81103766709566,-45.564509163778276
1044,-35.64885592460632,-45.61393480045721
1045,-54.66749067604542,-45.69587392250076
1046,-28.99027420952916,-45.36979766981676
1047,-44.60800474882126,-45.333151700068264
1048,-61.122551530599594,-45.37549392050132
1049,-25.525002347305417,-45.18822754193097
1050,-33.6077122092247,-45.23296186182648
1051,-44.01501519419253,-44.958748860638586
1052,-37.124624179676175,-44.839887455031274
1053,-48.037284806370735,-44.65150154151022
1054,-87.22582772746682,-45.22394832033664
1055,-66.23436294682324,-45.41568462045397
1056,-76.75034919381142,-45.49484109429177
1057,-24.697705201804638,-45.1341875434434
1058,-42.03577035665512,-45.0091601566365
1059,-34.93028225749731,-44.99273661033716
1060,-23.624576695263386,-44.994997470392846
1061,-17.60198651254177,-44.83616472349968
1062,-46.87601549550891,-44.917409316468984
1063,-33.69769388437271,-44.36414023598656
1064,-42.03586331009865,-43.776171992681924
1065,-42.47875291109085,-43.89103657577187
1066,-37.802996188402176,-43.92376611161977
1067,-57.692590560764074,-44.163741999417546
1068,-78.34922905638814,-44.650774171315135
1069,-30.030498296022415,-44.49940660050139
1070,-60.3420719653368,-44.68952970871702
1071,-36.77634919807315,-44.657547720773145
1072,-57.19622556632385,-44.88247268476058
1073,-36.62337337434292,-45.0205094330525
1074,-42.59320890903473,-44.92316543453839
1075,-100.63232746510766,-45.69617484911578
1076,-27.819248780608177,-45.636753324077
1077,-31.030282221734524,-45.59417284096824
1078,-52.68338961713016,-45.482050966967364
1079,-136.75296529754996,-46.38331204471411
1080,-92.65133887529373,-46.92385835510911
1081,-40.39525584131479,-46.935882256675974
1082,-105.30639424547553,-46.43686648126924
1083,-26.123984284698963,-46.36311063450063
1084,-72.49839641526341,-46.34943694196874
1085,-24.785431057214737,-45.8953033153736
1086,-33.22125847637653,-45.666831923651046
1087,-61.36256320029497,-45.8652338754409
1088,-65.05202274303883,-45.871700713618196
1089,-48.74802743643522,-45.96293356089154
1090,-34.0140465721488,-46.00890214300016
1091,-128.08470202982426,-46.99303293241421
1092,-68.15106928348541,-45.769459349496756
1093,-72.91611783206463,-46.17041651441017
1094,-63.81886783242226,-46.520959686536806
1095,-49.33021122217178,-46.5016630660859
1096,-69.30042409524322,-46.51066250744508
1097,-100.71636036783457,-47.18170696686255
1098,-45.201156817376614,-47.256629945144525
1099,-72.15214647352695,-47.725253391296135
1100,-41.25449136737734,-47.55434009569464
1101,-107.3988324329257,-48.41441883626161
1102,-45.797332391142845,-48.195233114815785
1103,-49.881673611700535,-48.16689750462072
1104,-107.29377571260557,-48.66560130466474
1105,-33.24241293221712,-48.64350480948342
1106,-76.70550659671426,-48.848385470814534
1107,-39.42824852466583,-48.889759455479215
1108,-41.81576602905989,-49.05101399331121
1109,-36.86185644567013,-49.167016309190075
1110,-54.93097763881087,-49.27911091482965
1111,-38.53494204953313,-49.372024292151906
1112,-32.49399860948324,-49.35661978709279
1113,-42.24802495166659,-49.553253525074105
1114,-31.272912316024303,-49.5425488652545
1115,-32.36663480103016,-49.67504986840068
1116,-73.84803863242269,-50.18517999714939
1117,-30.618571802973747,-50.20732242890401
1118,-92.98679905198514,-50.90684904514579
1119,-39.22616059426218,-50.164352507961446
1120,-69.01372048165649,-50.39990508562652
1121,-91.53834675904363,-50.90514415804064
1122,-41.9784687012434,-50.73631079468643
1123,-34.36840970814228,-50.74168121751165
1124,-85.49127588048577,-51.07166019484168
1125,-142.8803984578699,-52.147408617956096
1126,-61.62865014001727,-52.54112536858534
1127,-26.067248344421387,-52.379139609632546
1128,-57.627555487677455,-52.77854408962419
1129,-84.42781451297924,-53.31539144111099
1130,-36.24173391237855,-53.38599144180538
1131,-86.01370558142662,-53.90260260117473
1132,-47.74085918813944,-53.58730427776696
1133,-49.41860421746969,-53.775435855810066
1134,-53.46742523834109,-53.486788712230044
1135,-24.746243596076965,-53.41011918814154
1136,-29.45391036570072,-53.03564502709778
1137,-32.69561765342951,-53.08814246720867
1138,-36.57252162694931,-53.152372905456
1139,-74.55543393921107,-53.64011458644876
1140,-25.626908019185066,-53.657204483619424
1141,-84.49195721000433,-54.320782455003354
1142,-64.36548177525401,-54.681208188741
1143,-54.7776751704514,-54.550874563774556
1144,-24.925647735595703,-54.44364248188445
1145,-37.59105759114027,-54.2728781510354
1146,-44.16481865942478,-54.42462359553436
1147,-54.30911919102073,-54.521634739956355
1148,-61.74209642410278,-54.527830188891386
1149,-43.097818963229656,-54.703558355050625
1150,-31.33943091891706,-54.680875542147554
1151,-34.01161823794246,-54.58084157258505
1152,-21.161935552954674,-54.42121468631783
1153,-35.35916184261441,-54.294433456680274
1154,-53.354601461440325,-53.95572119402001
1155,-51.76128588616848,-53.81099042341346
1156,-39.4845102019608,-53.43833203349495
1157,-33.53559600934386,-53.52671094157034
1158,-49.8947569578886,-53.60530080758268
1159,-30.099190421402454,-53.55698988922173
1160,-28.139602541923523,-53.60214014768833
1161,-47.82414112985134,-53.90436169386143
1162,-70.1001569069922,-54.13660310797626
1163,-120.7820654194802,-55.007446823327335
1164,-42.25713964551687,-55.00965958668152
1165,-56.39312192052603,-55.14880327677587
1166,-60.254822328686714,-55.373321538178715
1167,-59.484855215996504,-55.39124418473104
1168,-44.29842235147953,-55.05073611768196
1169,-31.055988371372223,-55.06099101843545
1170,-74.05087672267109,-55.198079066008795
1171,-17.740175560116768,-55.00771732962923
1172,-58.86183815076947,-55.024373455473686
1173,-68.97783302515745,-55.347918051981836
1174,-32.90722783654928,-55.25105824125698
1175,-31.60205601155758,-54.56075552672148
1176,-36.353246718645096,-54.646095506101844
1177,-69.35943887382746,-55.029387072622775
1178,-27.05635991692543,-54.77311677562073
1179,-21.654165014624596,-53.62212877279148
1180,-50.89383566007018,-53.20455374063924
1181,-41.248049940913916,-53.21308168163523
1182,-39.050781935453415,-52.55052555853501
1183,-24.68762554600835,-52.536161971148104
1184,-26.30777595937252,-52.0742557665892
1185,-40.74055068939924,-52.23380696291104
1186,-39.417719192802906,-52.2957715700753
1187,-36.65850801020861,-52.048731018174436
1188,-36.218735724687576,-51.76039814799093
1189,-47.76539160311222,-51.7505717896577
1190,-25.75765510648489,-51.66800787500106
1191,-38.15781183168292,-50.768738973019644
1192,-43.025885447859764,-50.51748713466339
1193,-28.14646628126502,-50.06979061915539
1194,-30.16624430567026,-49.73326438388787
1195,-67.11499542742968,-49.91111222594045
1196,-48.67170004546642,-49.704824985442684
1197,-29.49955952912569,-48.992656977055596
1198,-57.14119874313474,-49.112057396313176
1199,-22.340855173766613,-48.61394448331557
1200,-36.10921144858003,-48.5624916841276
1201,-57.79478179290891,-48.06645117772743
1202,-33.283160615712404,-47.94130945997313
1203,-27.740121196955442,-47.719893935825674
1204,-25.893897145986557,-46.90589515015949
1205,-35.90468513965607,-46.93251787223387
1206,-41.89961553364992,-46.58445896160323
1207,-36.893193673342466,-46.55910841309
1208,-38.09612636268139,-46.521912016426214
1209,-28.939269922673702,-46.44268615119625
1210,-28.61451794207096,-46.17952155422885
1211,-41.56853627413511,-46.20985749647487
1212,-35.4911337941885,-46.23982884832192
1213,-22.08277375996113,-46.03817633640487
1214,-35.299217000603676,-46.07843938325066
1215,-32.45351744443178,-46.079308209684676
1216,-19.845076207071543,-45.53927858543116
1217,-47.58151477575302,-45.70890801515896
1218,-19.76731911301613,-44.976713215769266
1219,-42.613422363996506,-45.010585833466614
1220,-14.515787363052368,-44.46560650228057
1221,-40.03765228390694,-43.9505995575292
1222,-52.03190539777279,-44.0511339244945
1223,-28.714430548250675,-43.99459413289558
1224,-31.528442591428757,-43.45496580000501
1225,-26.66983588039875,-42.2928601742303
1226,-26.728667153045535,-41.94386034436058
1227,-35.912375094369054,-42.04231161186006
1228,-46.4107830375433,-41.93014388735872
1229,-36.077865313738585,-41.44664439536631
1230,-46.34131760895252,-41.54764023233205
1231,-20.939377427101135,-40.89689695078879
1232,-18.557460710406303,-40.60506296601147
1233,-34.703301567584276,-40.45790993951261
1234,-24.737124122679234,-40.170606928355994
1235,-42.29004132281989,-40.34604490562342
1236,-94.14546205848455,-40.992960422551256
1237,-29.699392542243004,-40.962998171439395
1238,-45.03069846332073,-41.04757993980311
1239,-52.08585311472416,-40.82288413155824
1240,-48.29230589419603,-41.04953811030835
1241,-68.45096703991294,-40.88912820860744
1242,-57.31923994515091,-40.818665790306405
1243,-28.535834405571222,-40.5562473826576
1244,-25.348342083394527,-40.56047432613559
1245,-36.25841803662479,-40.547147930590434
1246,-36.89950443059206,-40.47449478830211
1247,-39.96997372061014,-40.331103333598
1248,-30.77000893652439,-40.02138245872222
1249,-23.47368159890175,-39.82514108507894
1250,-38.770656337961555,-39.899453339269385
1251,-41.05068403109908,-39.969843997200954
1252,-106.39028224349022,-40.82212746410631
1253,-42.06019891798496,-40.88913783486001
1254,-28.939305000007153,-40.64498487024568
1255,-38.895356841385365,-40.51632557979785
1256,-16.4389835447073,-40.28587031322532
1257,-17.537859454751015,-40.12589294767938
1258,-46.62771073495969,-40.0932224854501
1259,-32.42341146059334,-40.116464695842005
1260,-77.85174972936511,-40.61358616771642
1261,-60.33678441122174,-40.73871260053013
1262,-49.6189061999321,-40.53390009345952
1263,-34.70324772968888,-39.67311191656161
1264,-64.99477804079652,-39.90048830051441
1265,-82.81250144354999,-40.164682095744645
1266,-41.005988739430904,-39.97219375985209
1267,-29.668564774096012,-39.67403085543308
1268,-41.8665386736393,-39.64971201865468
1269,-46.41680483799428,-39.8033201833209
1270,-22.217364639043808,-39.28498506248463
1271,-78.07496972382069,-39.88833300412167
1272,-21.79967800527811,-39.517711402666755
1273,-25.876197677105665,-39.08669504918624
1274,-46.219465497881174,-39.219817425799555
1275,-41.79981030523777,-39.321794968736356
1276,-152.27339820424095,-40.480996483592314
1277,-29.664151221513748,-40.08404360706918
1278,-88.76972532644868,-40.70117726116441
1279,-29.238174691796303,-40.77701735793613
1280,-79.51539941132069,-41.06323299544864
1281,-20.83069759607315,-40.859059472000226
1282,-41.44625835120678,-40.88301423615776
1283,-19.90396241704002,-40.83517760486808
1284,-22.84411902539432,-40.8005410355283
1285,-35.76796435378492,-40.75081517217215
1286,-57.37497182935476,-40.93038769853767
1287,-71.57263029366732,-41.279528921372254
1288,-37.2724978774786,-41.29006654290017
1289,-34.971471920609474,-41.16212734607514
1290,-22.26193380355835,-41.12717013304587
1291,-26.323409259319305,-41.008826107322236
1292,-30.1620008116588,-40.88018726096023
1293,-26.48251123353839,-40.86354771048296
1294,-85.09864558652043,-41.41287172329147
1295,-33.07790211215615,-41.072500790138726
1296,-37.32635234296322,-40.9590473131137
1297,-26.88979971408844,-40.93294971496332
1298,-38.42450727149844,-40.745782800246964
1299,-49.94456000626087,-41.0218198485719
1300,-61.37243531271815,-41.274452087213284
1301,-35.85218880325556,-41.05502615731675
1302,-27.114832639694214,-40.99334287755657
1303,-50.68435788806528,-41.222785244467666
1304,-33.23970905691385,-41.29624336357694
1305,-26.173037692904472,-41.19892688910942
1306,-29.607601292431355,-41.07600674669724
1307,-34.14102936163545,-41.04848510358017
1308,-26.245395824313164,-40.92997779819649
1309,-57.27416121587157,-41.21332671112847
1310,-28.346747275441885,-41.21064900446218
1311,-61.79895111173391,-41.41295315283816
1312,-27.064124265685678,-41.328683057553135
1313,-58.01980359852314,-41.688053355938756
1314,-41.91062518581748,-41.75416743779089
1315,-52.42997486516833,-41.95393201199826
1316,-62.95882460381836,-42.38506949596572
1317,-24.514751337468624,-42.15440186158288
1318,-64.7675264403224,-42.604403934855945
1319,-22.587371669709682,-42.40414342791308
1320,-35.020540446043015,-42.609190958742985
1321,-89.21685253828764,-43.10098296128679
1322,-47.31346293538809,-43.053798536662946
1323,-34.04046783596277,-43.107058909540065
1324,-39.76363744586706,-43.18941085808445
1325,-35.71447663009167,-43.27985726558138
1326,-77.41932082176208,-43.786763802268545
1327,-60.51413331180811,-44.032781384442934
1328,-30.306584008038044,-43.87173939414788
1329,-31.272647025063634,-43.82368721126113
1330,-45.28568681073375,-43.813130903278946
1331,-22.139047730714083,-43.82512760631507
1332,-55.88015400990844,-44.198354539310095
1333,-31.41831251233816,-44.16550464875763
1334,-65.92356388643384,-44.57736904639518
1335,-33.00129482522607,-44.48448158141924
1336,-30.224808420985937,-43.845275045044254
1337,-40.01926547847688,-43.948473774406594
1338,-36.72515365481377,-43.865418326321524
1339,-36.19142675772309,-43.70647406275151
1340,-30.212132763117552,-43.52567233144073
1341,-30.143225353211164,-43.14259491457371
1342,-27.888104477431625,-42.848283559896515
1343,-30.673505606129766,-42.869660271902106
1344,-60.723466927185655,-43.223411520340015
1345,-30.15664664655924,-43.16239380643936
1346,-28.697304241359234,-43.08037180454703
1347,-58.89338113833219,-43.26960587872425
1348,-42.45782149583101,-43.38648400431732
1349,-59.70445238053799,-43.74879171213368
1350,-35.681196093559265,-43.71789710968966
1351,-33.69927184644621,-43.64438298784313
1352,-40.720162495970726,-42.98768179036793
1353,-32.86418239027262,-42.89572162509081
1354,-35.57080349326134,-42.962036610023354
1355,-87.72339891130105,-43.45031703072251
1356,-49.59158876538277,-43.781843082929264
1357,-31.72854026965797,-43.92374989107833
1358,-85.68382587190717,-44.314311042447805
1359,-56.319970935583115,-44.553276637197705
1360,-40.73335641250014,-44.18209270402905
1361,-25.230980217456818,-43.831034662091405
1362,-33.3703252337873,-43.66854885242996
1363,-49.73920826613903,-43.81890845779446
1364,-86.96467044204473,-44.03860738180694
1365,-24.91079630702734,-43.45959033044171
1366,-61.03802524134517,-43.65991069546086
1367,-75.67932907491922,-44.12001833846909
1368,-35.617368418723345,-44.05752663591993
1369,-57.67222034558654,-44.170080790995854
1370,-62.76140367239714,-44.575521181329385
1371,-53.763629734516144,-44.33240778143634
1372,-22.50900501012802,-44.33950105148484
1373,-25.877616211771965,-44.3395152368315
1374,-39.1393011752516,-44.268713593605206
1375,-35.674024034291506,-44.207455730895745
1376,-58.04969432204962,-43.26521869207383
1377,-39.39373590424657,-43.36251453890116
1378,-83.3132310193032,-43.307949595829704
1379,-35.54377743974328,-43.37100562330917
1380,-40.61707307770848,-42.98202235997305
1381,-36.38543589040637,-43.137569742916384
1382,-21.905924938619137,-42.942166408790506
1383,-110.18702916055918,-43.8449970762257
1384,-55.16367978602648,-44.16819268383202
1385,-34.872912324965,-44.15924216354382
1386,-30.485405191779137,-43.89034649716807
1387,-47.59653385169804,-43.65058553274837
1388,-69.66006942465901,-43.97446124822018
1389,-93.06888160854578,-44.55543534509954
1390,-28.952315270900726,-44.62233915977296
1391,-34.919047594070435,-44.70829554312048
1392,-28.196447893977165,-44.68864001394366
1393,-46.08649824652821,-44.884679884073556
1394,-59.22681417316198,-44.625961569939975
1395,-91.09831515699625,-45.206165700388375
1396,-44.26344929635525,-45.275536669922296
1397,-37.575111113488674,-45.382389783916295
1398,-23.40607799962163,-45.232205491197526
1399,-83.22995474562049,-45.56505943859113
1400,-43.126336604356766,-45.38259845150751
1401,-42.92781154066324,-45.45335467888159
1402,-32.10958620905876,-45.503302214575235
1403,-43.0591440461576,-45.427050076156156
1404,-27.96423864364624,-45.37429537202348
1405,-23.399683870375156,-45.346561833798184
1406,-38.182115860283375,-45.43230697947671
1407,-36.8594566937536,-45.45949125279789
1408,-35.59644789248705,-45.55300177347963
1409,-87.01496339403093,-45.85040979526122
1410,-54.1033928245306,-46.10797625075211
1411,-43.19888625666499,-45.92197560220142
1412,-48.38235713541508,-46.135157930898714
1413,-33.585981694981456,-45.890819711863294
1414,-67.7803970836103,-46.14951743084122
1415,-37.7289027646184,-46.00250670983573
1416,-102.1611090451479,-46.39452955424902
1417,-27.49256311543286,-46.42430767202866
1418,-30.78772810753435,-46.084509688700784
1419,-44.59285938553512,-46.30456456585904
1420,-34.97187452018261,-46.30407790660043
1421,-49.6924760248512,-45.908834141466066
1422,-42.84882326796651,-45.86418774479185
1423,-44.89997220784426,-45.97278278851067
1424,-35.696122229099274,-45.93210763634299
1425,-48.95469709485769,-46.06450984099065
1426,-60.06388321518898,-45.89095546492492
1427,-49.36503594741225,-45.77946449128096
1428,-77.77205857634544,-46.25411923696404
1429,-27.577372800558805,-46.21716649471899
1430,-30.745442360639572,-46.07176405021804
1431,-49.69438815116882,-46.347317454422594
1432,-26.592598523944616,-46.05444189956295
1433,-32.96659902483225,-46.0699247646879
1434,-86.68129333481193,-46.277502059171674
1435,-61.61900931596756,-46.56367920407909
1436,-67.22708341293037,-46.933701953998536
1437,-44.72951947338879,-46.98080449394765
1438,-34.97383501380682,-46.96329130753758
1439,-58.7612046636641,-47.18898908659699
1440,-21.05326534062624,-47.09740041237208
1441,-36.227836802601814,-47.15824652686599
1442,-35.01218420639634,-47.229487324155635
1443,-59.829173639416695,-47.5210440044885
1444,-28.52410862594843,-47.19905042147613
1445,-100.58265184611082,-47.90331047347165
1446,-46.58503392338753,-48.08218777029193
1447,-31.08423103392124,-47.80409626924782
1448,-26.657330609858036,-47.64609136038809
1449,-61.540996711701155,-47.66445680369972
1450,-28.798282934352756,-47.59562767210766
1451,-51.8432772308588,-47.77706772595178
1452,-33.89781392738223,-47.7088442402659
1453,-27.077009089291096,-47.650972507256085
1454,-26.76609570160508,-47.56292542933952
1455,-21.55334310978651,-46.901224871324374
1456,-66.07670823484659,-47.066076066019015
1457,-23.508462220430374,-46.983875285526736
1458,-50.96904098987579,-46.63672743670642
1459,-30.38108493387699,-46.37733857668936
1460,-89.05308479070663,-46.86053586047143
1461,-31.06763399904594,-46.918902398287315
1462,-32.73586366698146,-46.91255778261926
1463,-23.68179053813219,-46.65198360533919
1464,-45.20167417824268,-46.23435364270117
1465,-18.406199282966554,-46.16930767246056
1466,-30.18148797750473,-45.86074229982216
1467,-32.22495990246534,-45.42619860809762
1468,-98.9851647540927,-46.05987657145131
1469,-47.32089435309172,-45.95636331152637
1470,-24.02222579345107,-45.5689715327369
1471,-36.09361827839166,-45.39227141817566
1472,-32.8198161162436,-45.495379529236814
1473,-99.76863876264542,-46.234289754745554
1474,-37.87194283306599,-46.221616171323696
1475,-24.962569814175367,-46.114501629122536
1476,-39.665466260164976,-45.93065934850369
1477,-33.96789954137057,-45.87640098487493
1478,-47.27355360239744,-45.516004210705866
1479,-73.45957808196545,-45.89516221712809
1480,-49.69493280351162,-45.98594081438612
1481,-41.87992016598582,-46.040885657141914
1482,-52.80394859239459,-46.34986589367967
1483,-102.16778565198183,-46.2696734585939
1484,-120.74359623342752,-46.92547262306791
1485,-25.581473082304,-46.8325582306413
1486,-24.24560096114874,-46.77016018833499
1487,-51.14926801994443,-46.80568753001746
1488,-32.08168683946133,-46.42990370416548
1489,-34.603093191981316,-45.84524581999984
1490,-60.59033612906933,-46.16162602858152
1491,-27.013288974761963,-46.082568442388435
1492,-113.94837877899408,-46.94008775123861
1493,-24.51544748991728,-46.7243772436725
1494,-24.578078106045723,-46.37788988300134
1495,-22.968198008835316,-45.69658871151972
1496,-29.36263782531023,-45.547580596809276
1497,-23.324064092710614,-45.405070126601494
1498,-17.31292860209942,-45.344138632626276
1499,-88.47036289423704,-45.396542714112435
1500,-46.51815115194768,-45.43046085958835
1501,-23.969753816723824,-45.240880282348954
1502,-20.277988500893116,-45.122564305267296
1503,-20.643112484831363,-44.898403989654035
1504,-36.71223237365484,-44.98588392695412
1505,-48.22072434425354,-45.2340943316929
1506,-22.069587795063853,-45.07296905104071
1507,-99.0790789751336,-45.695165273854506
1508,-20.315599516034126,-45.54235679008998
1509,-34.811420917510986,-45.02032136532478
1510,-45.20552730932832,-44.93134271017276
1511,-26.481043741106987,-44.76416428501718
1512,-38.40084279328585,-44.664349141595885
1513,-21.77136331796646,-44.546202957825734
1514,-32.1986486222595,-44.190385473212224
1515,-26.07048336416483,-44.07380127920769
1516,-37.99783807992935,-43.43216856955551
1517,-44.650919407606125,-43.60375213247724
1518,-35.84359200298786,-43.654310771431774
1519,-54.602826572954655,-43.75441044330597
1520,-27.066384345293045,-43.675355541557074
1521,-43.323398634791374,-43.61166476765648
1522,-30.536785885691643,-43.48854439383373
1523,-26.665965031832457,-43.30620432207361
1524,-38.23978632688522,-43.33164096305147
1525,-40.46822125837207,-43.24677620468661
1526,-39.73296840116382,-43.04346705654636
1527,-26.82891096174717,-42.81810580668971
1528,-53.95583070162684,-42.579943527942525
1529,-29.51598746329546,-42.59932967456989
1530,-18.453423634171486,-42.47640948730521
1531,-80.8059654054232,-42.787525259847754
1532,-14.509823483182117,-42.66669750944013
1533,-78.88052614266053,-43.125836780618414
1534,-36.64059203863144,-42.625429767656605
1535,-35.791644264012575,-42.36715611713706
1536,-59.21384188532829,-42.28702370186104
1537,-42.211453318595886,-42.2618430403131
1538,-28.09226466715336,-42.19302733684657
1539,-23.836775697767735,-41.84378304718761
1540,-61.88373530656099,-42.252087746846954
1541,-13.575703490525484,-42.02556641372619
1542,-17.226101279258728,-41.847705584454815
1543,-57.19959696009755,-41.821409817661625
1544,-37.29610477993265,-41.909129779201464
1545,-11.090108051896095,-41.01420434125932
1546,-44.02300325408578,-40.9885840345663
1547,-49.49713528342545,-41.172713077061346
1548,-21.318983159959316,-41.11932960256236
1549,-23.345543414354324,-40.737375069588886
1550,-33.75488878786564,-40.78694112812402
1551,-21.318260135129094,-40.48169095716672
1552,-32.52024176809937,-40.46791523557389
1553,-15.150058429688215,-40.348645728977864
1554,-33.00810834020376,-40.41106585536385
1555,-24.251144640147686,-40.438043870667464
1556,-29.17107731848955,-40.06898756150389
1557,-25.6174895465374,-40.09007783476496
1558,-39.833125380799174,-39.9787186786742
1559,-80.15814104583114,-40.476489239793736
1560,-37.1729219853878,-39.957687611740546
1561,-17.178756460547447,-39.81879883635556
1562,-23.344012826681137,-39.72488032795256
1563,-27.948098972439766,-39.76754341229564
1564,-29.71299870684743,-39.61265665758168
1565,-27.18373805191368,-39.70043204527116
1566,-20.49451244622469,-39.603562289958354
1567,-31.662346763536334,-39.59793615856906
1568,-27.52328958362341,-38.88331740686437
1569,-30.246950529515743,-38.71257796862861
1570,-63.207533430308104,-39.104431044997185
1571,-49.15459278598428,-39.23504079007311
1572,-38.54477659612894,-39.29229039487196
1573,-22.749377474188805,-38.5220977819874
1574,-23.937797091901302,-38.38275632457575
1575,-100.30419887043536,-39.13617261513835
1576,-25.972704887390137,-38.9992450014106
1577,-18.14684798568487,-38.84103448585374
1578,-92.12295274436474,-39.289528477273414
1579,-21.224896162748337,-38.76718165808124
1580,-34.56740669440478,-38.61590639699018
1581,-30.55205211043358,-38.50262771643465
1582,-21.594830174930394,-38.19053653226001
1583,-27.470111079514027,-37.44355978653533
1584,-32.30319740250707,-36.55915579822613
1585,-31.386628629639745,-36.617207353699484
1586,-31.70996205881238,-36.69185096467612
1587,-24.672780983150005,-36.42708609430818
1588,-28.437111862003803,-36.3906403445336
1589,-87.576624289155,-36.92037565550534
1590,-82.10714762099087,-37.135543770424555
1591,-27.26177889155224,-37.13802866959246
1592,-18.209309609606862,-36.180637977898584
1593,-36.2160288952291,-36.29764379195171
1594,-40.06577567756176,-36.45252076766687
1595,-28.303482562303543,-36.505873613201544
1596,-65.5077128522098,-36.867324363470544
1597,-55.79493992892094,-37.192033121832644
1598,-28.78335465490818,-37.30673738236074
1599,-30.010421507060528,-36.722137968488965
1600,-86.41501985117793,-37.12110665548127
1601,-39.59899453818798,-37.27739906269591
1602,-129.80671841913136,-38.372686361878294
1603,-25.79095465876162,-38.4241647836176
1604,-36.71497717872262,-38.42419223166828
1605,-69.86883493326604,-38.640673337558404
1606,-27.38820441812277,-38.69385950378899
1607,-23.344776612706482,-37.93651648016472
1608,-23.743756033480167,-37.97079804533918
1609,-57.81330355675891,-38.20081687173166
1610,-38.515438199043274,-38.13391598062881
1611,-25.587420605123043,-38.12497974926897
1612,-48.56060885824263,-38.226577409918534
1613,-51.5486552733928,-38.5243503294728
1614,-17.52015819400549,-38.37756542519026
1615,-25.890664072707295,-38.375767232275685
1616,-27.00347338244319,-38.26582358530082
1617,-25.07522887736559,-38.07006667999842
1618,-30.120648197829723,-38.01283724194683
1619,-34.010380594525486,-37.80691278216254
1620,-18.57915672287345,-37.722040505938345
1621,-18.95066322758794,-37.47831315186632
1622,-40.53269087290391,-37.578272201738436
1623,-45.30378991737962,-37.764650450593905
1624,-42.872400004416704,-37.810976587369225
1625,-121.02415142580867,-38.61653588904359
1626,-112.99566044658422,-39.34916280949779
1627,-25.933198876678944,-39.34020568864711
1628,-81.25550979212858,-39.61320247955213
1629,-46.02375299856067,-39.77828013490478
1630,-36.04450586438179,-39.95419095720688
1631,-34.13056346052326,-39.487436937757884
1632,-47.279201455414295,-39.81513071748021
1633,-26.547731399536133,-39.29180277004896
1634,-20.351730048656464,-39.128914150149214
1635,-33.9183414503932,-39.11018112201302
1636,-22.792696116492152,-38.745969664324655
1637,-35.774183198809624,-38.68159696312679
1638,-107.01107816398144,-39.47078509809508
1639,-37.41073386371136,-39.606524679754514
1640,-37.76648958027363,-39.36535222249164
1641,-29.612575255334377,-39.52572094013973
1642,-19.089410237967968,-39.54435402972682
1643,-60.94246470928192,-39.581782707218665
1644,-32.50844544917345,-39.53390611391107
1645,-35.60695055127144,-39.77907453890482
1646,-38.55150801688433,-39.72435958653281
1647,-46.33505280688405,-39.692738761767394
1648,-42.77475733682513,-39.90729650353605
1649,-32.65398107469082,-40.00038088013942
1650,-50.50819989666343,-40.167913991227394
1651,-33.32151121273637,-40.28794650200347
1652,-47.99844904243946,-40.44272857474687
1653,-34.728420990519226,-40.63851220035518
1654,-14.255993843078613,-40.45099105538393
1655,-34.51428538747132,-40.55362246285716
1656,-67.7648093458265,-40.939559783130534
1657,-26.64209945127368,-40.9498058821779
1658,-65.42596954479814,-41.205734323817886
1659,-44.55517578870058,-40.849704671246585
1660,-25.06754094362259,-40.72865086082893
1661,-18.891011483967304,-40.745773411063126
1662,-22.72865115851164,-40.73961979438143
1663,-27.77720396965742,-40.73791084435361
1664,-59.81506147002801,-41.038931471985414
1665,-20.499801501631737,-40.9720921064826
1666,-30.571267172694206,-41.072859653747294
1667,-45.42502895928919,-41.21048647570482
1668,-42.60886781197041,-41.36134225798829
1669,-24.44565293798223,-41.30332928207295
1670,-22.48312327452004,-40.89608518051507
1671,-76.6881875935942,-41.17142112859117
1672,-14.908898861147463,-40.935062351241356
1673,-15.868969844654202,-40.86625827494601
1674,-50.72728532552719,-41.13415315728227
1675,-42.786051239818335,-40.5589716809761
1676,-33.91123730689287,-40.63835700517113
1677,-30.13411097601056,-40.758229635074386
1678,-24.836179591715336,-40.08536190354789
1679,-15.560719469562173,-40.02872013661603
1680,-93.37838710099459,-40.616829940681924
1681,-39.79382949322462,-40.709247714509836
1682,-35.41344669088721,-40.84743387966941
1683,-16.6342743486166,-40.73907551236043
1684,-21.228241927921772,-40.62832595761458
1685,-70.71102585084736,-41.021569929826654
1686,-36.24922473728657,-41.0669625566114
1687,-17.768352791666985,-40.997918274696566
1688,-34.43620075285435,-41.057909163605075
1689,-26.01103662326932,-40.44225328694622
1690,-27.917070963074366,-39.90035252036705
1691,-28.623937897384167,-39.91397411042537
1692,-64.63625482935458,-40.37824356262285
1693,-49.187587371096015,-40.50795914738151
1694,-19.79019733890891,-40.30520336399499
1695,-25.685926970094442,-40.2790278080729
1696,-36.75469948351383,-39.99149767438594
1697,-23.222661843523383,-39.66577489353196
1698,-19.27026028931141,-39.57064394987599
1699,-20.567514318972826,-39.47621487799512
1700,-33.3238271176815,-38.94530295066015
1701,-26.291497457772493,-38.812227979856
1702,-26.57318728789687,-37.77989266854365
1703,-43.056200278922915,-37.952545124745264
1704,-63.802588544785976,-38.2234212384059
1705,-40.811432202812284,-37.93284721110136
1706,-26.827827230095863,-37.927243439221094
1707,-32.2461402118206,-38.01625707521223
1708,-29.981879845261574,-38.078638313330046
1709,-38.57696620374918,-37.886274939799954
1710,-14.638538345694542,-37.647505941266466
1711,-53.21609738469124,-37.92379270906215
1712,-21.40123200416565,-37.65219894052137
1713,-59.55388609599322,-37.73225124874738
1714,-22.01245298050344,-37.77717419661236
1715,-25.925252875313163,-37.77752008463842
1716,-55.37949321605265,-38.061280282974515
1717,-41.72258671373129,-38.22775386133817
1718,-21.23959205299616,-38.13894329988983
1719,-38.50916599854827,-38.18393115393006
1720,-34.78946824232116,-38.34603426912454
1721,-62.92017293255776,-38.78572936617424
1722,-44.6527098659426,-38.82692955610462
1723,-36.43042499665171,-38.738195906897346
1724,-20.111490465700626,-38.51058681151019
1725,-42.503403631970286,-37.7253793335718
1726,-28.438680045306683,-36.879809529559026
1727,-53.622012943029404,-37.15669767022253
1728,-40.93785618245602,-36.753521134125805
1729,-38.91248545050621,-36.682408458645256
1730,-61.76899763243273,-36.939653376325765
1731,-31.01054036617279,-36.90845314538226
1732,-30.629857376217842,-36.7419597045903
1733,-44.28997901082039,-36.91938218070314
1734,-69.31820233166218,-37.4090469035332
1735,-35.29284916073084,-37.422791980636575
1736,-21.84539843350649,-37.41331900380672
1737,-32.42970369569957,-37.37987420877562
1738,-22.25801212154329,-36.532343548351236
1739,-35.351538591086864,-36.51175159562499
1740,-33.91886813938618,-36.47327538121612
1741,-18.195402869954705,-36.35910365736232
1742,-50.74977605976164,-36.675707315580254
1743,-20.37260378152132,-36.270008706302654
1744,-30.481086373329163,-36.24973511554421
1745,-24.10022099688649,-36.13466782000036
1746,-15.916467230767012,-35.90831741213918
1747,-22.56753631029278,-35.67064224717328
1748,-31.58099589124322,-35.55870463271745
1749,-35.806407671421766,-35.590228898684764
1750,-74.04090417083353,-35.825555941426465
1751,-25.68312342464924,-35.74917206354559
1752,-51.210172925144434,-35.78128930237264
1753,-32.219221986830235,-35.75619731233575
1754,-47.88669254258275,-36.09250429933079
1755,-34.274360939860344,-36.09010505485468
1756,-46.35644883103669,-35.87602144970678
1757,-43.73554119467735,-36.046955867140824
1758,-30.738922342658043,-35.70008539511942
1759,-44.00317748216912,-35.69456541205411
1760,-36.450152438133955,-35.80839152699922
1761,-37.00959169305861,-35.98957732909013
1762,-42.04278183821589,-36.18271863588718
1763,-60.60550733515993,-36.5110016695422
1764,-31.126439031213522,-36.224115445154055
1765,-33.694901555776596,-36.356066445695504
1766,-38.61873109266162,-36.43654108489518
1767,-20.528613096103072,-36.18757692626332
1768,-40.71423154324293,-36.168630563576045
1769,-19.523680017329752,-36.11941083436952
1770,-25.80200704932213,-36.15259967211754
1771,-95.86346789449453,-36.34435247512654
1772,-24.008217953145504,-36.43534566604652
1773,-25.151408438570797,-36.52817005198569
1774,-38.852748721838,-36.4094246859488
1775,-33.00895299017429,-36.31165370345236
1776,-67.48887214437127,-36.64743005182714
1777,-80.86703269928694,-37.1547592690599
1778,-25.15407706052065,-37.15793824374796
1779,-50.991933265235275,-37.51225038170469
1780,-88.29901520907879,-37.46145666278553
1781,-62.09542731940746,-37.68447264104736
1782,-25.93565640412271,-37.589694738179716
1783,-37.25310322642326,-37.79588302695778
1784,-52.07225686684251,-38.10432317634699
1785,-92.6122781932354,-38.323335699770865
1786,-43.29868985712528,-38.39383035096925
1787,-14.630773233249784,-38.362454555385085
1788,-48.16206657513976,-38.49971321360794
1789,-30.158503342419863,-38.54118788079944
1790,-47.85005930997431,-38.740517764268446
1791,-35.97368775308132,-38.814015262825414
1792,-20.457413241267204,-38.37222684694454
1793,-36.4399649053812,-38.24475062228739
1794,-45.45470668375492,-38.50139571573585
1795,-24.34809604845941,-38.4880174065195
1796,-48.33337396942079,-38.60380415137857
1797,-30.055281676352024,-38.67213034970686
1798,-16.843740817159414,-38.64786515498534
1799,-38.071600649505854,-38.82290601829067
1800,-41.107840061187744,-38.900746147725734
1801,-50.784291142597795,-39.14567408457398
1802,-22.497263066470623,-39.10491484235972
1803,-31.58657919242978,-38.99021863149479
1804,-64.53561430610716,-38.997548889108
1805,-82.83261069934815,-39.417760674073364
1806,-13.104553788900375,-39.280527939661404
1807,-22.359439320862293,-39.181660930751825
1808,-17.83872770285234,-39.06022940932773
1809,-26.556047435849905,-38.94002022164874
1810,-49.553393837064505,-39.289168776562434
1811,-34.31734838522971,-39.100181286567825
1812,-64.81220535561442,-39.53429102008231
1813,-26.74777351692319,-39.20622989429161
1814,-20.800661765038967,-39.19411198213697
1815,-36.86954965442419,-39.30355494992808
1816,-23.417612217366695,-38.983936139941214
1817,-30.28772547841072,-38.86958752758801
1818,-29.18185855145566,-38.94901019257261
1819,-47.54182096198201,-39.03933674220694
1820,-34.89946065843105,-39.04043666636804
1821,-34.852018889039755,-38.75975512593286
1822,-25.685267286375165,-38.57008070013719
1823,-59.621527664829046,-38.80199172681896
1824,-21.75022826716304,-38.81837910483358
1825,-54.75731478165835,-38.940918216330466
1826,-28.60761373862624,-38.94260755326366
1827,-35.66669978573918,-38.76305442169076
1828,-35.38966744951904,-38.70757253436139
1829,-20.644534468650818,-38.524893024542834
1830,-18.520981553941965,-38.09241286375793
1831,-53.83157019037753,-38.320623161999976
1832,-28.040287866722792,-38.29472746690502
1833,-53.60419311374426,-38.38786960793426
1834,-25.163409635424614,-37.946321680971884
1835,-24.973629631102085,-37.8431294856756
1836,-23.931366647593677,-37.86398916781647
1837,-26.2442789375782,-37.80213492023526
1838,-45.688902240246534,-38.03644382142229
1839,-29.690666725859046,-37.97983510277001
1840,-19.40448736026883,-37.83469129497884
1841,-16.25802932679653,-37.81531755954725
1842,-22.68374215811491,-37.53465722053079
1843,-18.804328735452145,-37.5189744700701
1844,-15.938332518562675,-37.373546931522434
1845,-66.77109246701002,-37.80025564622367
1846,-19.819345705211163,-37.83928443096811
1847,-53.230793417431414,-38.145917002039496
1848,-27.500527302734554,-38.10511231615441
1849,-25.907709719613194,-38.00612533663632
1850,-44.349294900661334,-37.7092092439346
1851,-25.971046786755323,-37.71208847755566
1852,-35.38650439120829,-37.5538517922163
1853,-22.7995581664145,-37.45965515401215
1854,-18.228598673827946,-37.1630742153246
1855,-30.208962400443852,-37.122420229930434
1856,-17.903180479537696,-36.83788754641544
1857,-26.993771441746503,-36.670469848886135
1858,-24.974801959702745,-36.61282864505658
1859,-28.908693432807922,-36.461883804562966
1860,-39.20863409154117,-36.48946862109704
1861,-19.384003585204482,-36.3132127400185
1862,-29.242783730849624,-36.185212758944836
1863,-17.97169292345643,-35.7588746148278
1864,-21.542267696233466,-35.663032901478
1865,-12.633858295157552,-35.45242246887181
1866,-14.334171918220818,-35.209576877127404
1867,-14.739030593074858,-35.15168105209712
1868,-23.62756993388757,-34.98081443600356
1869,-50.38489515206129,-35.28942658735088
1870,-14.895112350524869,-35.18035764036291
1871,-11.141985723748803,-34.33314281865545
1872,-10.682772017084062,-34.19988835929484
1873,-31.40349082800094,-34.262409183189135
1874,-31.025308989919722,-34.18413478586996
1875,-11.387695339519269,-33.96792220936341
1876,-12.748500000452623,-33.42051848792422
1877,-19.618225767510012,-32.80803041860645
1878,-13.33697217144072,-32.68985936971565
1879,-17.541768877534196,-32.35535772583864
1880,-13.443523907102644,-31.606802812818877
1881,-12.913680114783347,-31.114985340772638
1882,-11.399621891789138,-30.9696249956493
1883,-14.061111286049709,-30.737705076245565
1884,-15.638539204373956,-30.37336789962088
1885,-16.106556301936507,-29.60831068070789
1886,-43.53339966404019,-29.61065777877704
1887,-56.48348500486463,-30.029184896493188
1888,-28.42489185067825,-29.831813149248575
1889,-28.941524640657008,-29.819643362230945
1890,-22.377522710710764,-29.56491799623831
1891,-32.08879546634853,-29.52606907337098
1892,-29.766851410269737,-29.619163455061006
1893,-27.379793919622898,-29.528561745203422
1894,-41.7437041499652,-29.491451719865527
1895,-21.879657570738345,-29.466767335088317
1896,-35.905465841293335,-29.34248825380704
1897,-27.29373205266893,-29.31487275757021
1898,-9.351073004305363,-29.23994607944167
1899,-23.52177738212049,-29.094447846767817
1900,-23.780607203021646,-28.921175518186157
1901,-13.132843434810638,-28.544661041108284
1902,-23.898051291704178,-28.55866892336062
1903,-11.973250307142735,-28.36253563450775
1904,-22.254053007811308,-27.939720021524792
1905,-18.553637832403183,-27.29693029285534
1906,-12.34693393111229,-27.28935409427746
1907,-27.24653692636639,-27.338225070332502
1908,-34.192537690512836,-27.501763170209106
1909,-21.808408606797457,-27.454286781918583
1910,-17.80239537730813,-27.13677679732102
1911,-27.236768309026957,-27.06597099655899
1912,-54.96275793481618,-26.967476522351006
1913,-34.09732135012746,-27.040972000683052
1914,-18.09534291923046,-27.013918812224965
1915,-17.48724984191358,-26.820095814099858
1916,-13.04254585225135,-26.716345150448706
1917,-33.24166617356241,-26.745884557400224
1918,-34.73527882248163,-26.801418760110483
1919,-37.95333506097086,-26.70553390110037
1920,-27.623858554288745,-26.63277788005895
1921,-22.645472783595324,-26.510712419004502
1922,-23.59847836010158,-26.489844529741767
1923,-37.193086698651314,-26.26556012007999
1924,-15.018647510558367,-26.198244312513943
1925,-38.62554280925542,-26.036926592789914
1926,-59.82460258901119,-26.349096481293763
1927,-22.5271877925843,-26.217701361362217
1928,-41.85774552822113,-26.282382142149235
1929,-33.06282935815398,-26.406565091044268
1930,-27.201306060887873,-26.493368336113726
1931,-18.045601695543155,-26.13550865116538
1932,-19.46396252885461,-26.0497453977867
1933,-56.09945154376328,-26.074697982086892
1934,-18.557569299824536,-26.00863957873089
1935,-26.20086883381009,-26.02091197075797
1936,-37.0200884710066,-26.1517991889921
1937,-40.33398786652833,-26.2926962782816
1938,-18.975870387163013,-26.025565959750764
1939,-22.053196189925075,-25.949191254391426
1940,-17.751255453513295,-25.93265893532387
1941,-43.567931776400656,-26.205757959819913
1942,-26.629780146293342,-26.245218339701697
1943,-14.58945918083191,-26.203069644155494
1944,-23.228006929159164,-26.27596638826146
1945,-36.121788327698596,-25.969473346868345
1946,-23.00613851752132,-26.001341274991447
1947,-26.179111659526825,-25.7308244574124
1948,-19.075053552165627,-25.64656971990671
1949,-30.0970715591684,-25.688463338302263
1950,-19.94407225586474,-25.444411111854297
1951,-36.076545148622245,-25.545466095472968
1952,-23.615455325692892,-25.42775560481781
1953,-18.986110955505865,-25.389621132708726
1954,-19.321384678594768,-25.400548992756395
1955,-53.962197051616386,-25.63808133926812
1956,-18.929708875715733,-25.648346623229898
1957,-54.28901704400778,-25.921299079252513
1958,-56.63687889557332,-26.237919848611217
1959,-16.394068889319897,-26.112773603176336
1960,-31.521969437599182,-26.035906956636918
1961,-24.710208043456078,-26.089169001219435
1962,-21.483641479164362,-26.011577578702582
1963,-20.613260094076395,-26.037993250408782
1964,-56.53991825133562,-26.3879697559598
1965,-14.939774399157614,-26.411028916999804
1966,-29.828686302527785,-26.565974060842873
1967,-36.27150866459124,-26.781298841558037
1968,-19.379220129922032,-26.738815343518382
1969,-21.086016345769167,-26.44582655545546
1970,-39.227849911898375,-26.689153931069196
1971,-26.452440198510885,-26.842258475816816
1972,-39.7712461585179,-27.133143217231154
1973,-17.68273489177227,-26.995935657868866
1974,-37.020896485075355,-27.055891532820425
1975,-20.16376066301018,-27.143652186055334
1976,-18.773853443562984,-27.203905720486436
1977,-19.808973425999284,-27.20581319707133
1978,-15.663196673616767,-27.22907544209309
1979,-24.7027657777071,-27.30068541109482
1980,-30.385101271793246,-27.470101184741726
1981,-24.684204570017755,-27.58780642929407
1982,-28.046264613047242,-27.75427285650665
1983,-21.21855406370014,-27.825847284283153
1984,-69.57078767893836,-28.3651697690288
1985,-55.36725500389002,-28.757776756048333
1986,-24.790007192641497,-28.570342831334347
1987,-17.439492631703615,-28.179902907602738
1988,-22.487883583642542,-28.12053282493238
1989,-16.87801193492487,-27.999897697875056
1990,-18.681678358465433,-27.962939254352605
1991,-26.389279217692092,-27.90594409186604
1992,-35.014073964208364,-27.958416317405426
1993,-16.57393203675747,-27.850357698576772
1994,-33.43102423415985,-27.76723089941872
1995,-47.50091051263735,-28.02344342883771
1996,-39.40541063435376,-28.058442876768314
1997,-18.540455045178533,-27.97091010669341
1998,-34.046861878130585,-28.21786799543166
1999,-49.32199661061168,-28.475870187716573
2000,-21.696115375496447,-28.45502526944132
2001,-17.802782220300287,-28.50172465729622
2002,-50.24510685959831,-28.765195212975158
2003,-34.952787920832634,-28.994990589112057
2004,-24.63949100766331,-29.018844969110578
2005,-15.870805854909122,-28.99201664933564
2006,-24.5586142744869,-29.114133452769384
2007,-13.15729022026062,-28.973240985708326
2008,-37.09615283028688,-29.002277137106066
2009,-73.10164018068463,-29.51520945284494
2010,-51.829009322449565,-29.85547559229635
2011,-21.466305676847696,-29.79777096597456
2012,-35.89222728461027,-29.6070656594725
2013,-41.995779260993004,-29.686050238581156
2014,-27.142131097614765,-29.776518120364997
2015,-28.757564986124635,-29.88922127180711
2016,-19.09126753732562,-29.94970848865785
2017,-17.802252816036344,-29.795314355082592
2018,-34.358654499053955,-29.791548111848314
2019,-25.321440517902374,-29.66522916641763
2020,-71.55131831718609,-30.104503764046605
2021,-46.70159896835685,-30.34506502589422
2022,-23.22546959668398,-30.341334938260044
2023,-26.881624810397625,-30.238220319377504
2024,-26.956305876374245,-30.357596903035663
2025,-83.62793203443289,-30.807620795287438
2026,-36.54823508452682,-30.574857120242594
2027,-21.066359302029014,-30.560248835337042
2028,-48.25509997271001,-30.62422237978193
2029,-36.57902070879936,-30.659384293288387
2030,-27.812095699366182,-30.66549218967317
2031,-55.97486604936421,-31.04478483321138
2032,-78.28495976515114,-31.632994805574345
2033,-30.319972161203623,-31.37520001174875
2034,-28.82517359626945,-31.477876054713196
2035,-22.186238803202286,-31.43772975440712
2036,-29.142583433538675,-31.35895470403244
2037,-27.015891494229436,-31.22577374030945
2038,-25.473987510427833,-31.2907549115421
2039,-34.33842573314905,-31.413607206974337
2040,-25.53686606697738,-31.49146331310898
2041,-33.925569988787174,-31.395039695232846
2042,-75.9040291843703,-31.887782185613613
2043,-18.434930401155725,-31.926236897816853
2044,-20.236135978251696,-31.896318188307777
2045,-17.635171491652727,-31.71145201994732
2046,-30.89507432281971,-31.790341378000303
2047,-34.57408674573526,-31.87429112886239
2048,-22.094376191031188,-31.904484355251043
2049,-21.950675908476114,-31.82302039874412
2050,-62.72551028523594,-32.25083477903783
2051,-35.210122214164585,-32.242170549693256
2052,-32.45244287699461,-32.33054042520627
2053,-40.62529918551445,-32.54693230750636
2054,-30.146343799307942,-32.655181898713494
2055,-32.48669659718871,-32.440426894169214
2056,-46.5528821926564,-32.71665862733862
2057,-40.378380343317986,-32.57755226033172
2058,-33.951266643591225,-32.3506961378119
2059,-24.19443566724658,-32.428699805591165
2060,-68.31240240018815,-32.79660413521706
2061,-30.8224434889853,-32.85772648967235
2062,-47.257995311767445,-33.115470027998384
2063,-19.26579876244068,-33.10199541468202
2064,-18.969352113083005,-32.7262897532995
2065,-39.56168772885576,-32.97250888659648
2066,-19.642016004305333,-32.87064218361425
2067,-71.9824666841887,-33.22775176381023
2068,-25.032953040208668,-33.2842890929131
2069,-26.29483161494136,-33.336377245604815
2070,-25.07572204247117,-33.194855966910545
2071,-63.005728751420975,-33.560388852439644
2072,-39.621507715433836,-33.5588914680088
2073,-23.21545888762921,-33.614218707967375
2074,-45.668430897407234,-33.7006940520907
2075,-25.1620917879045,-33.75067736333963
2076,-58.66502030007541,-34.14958903190476
2077,-52.81508545065299,-34.4796501521513
2078,-41.01808763295412,-34.73319906174467
2079,-59.87527193129063,-35.08492412328051
2080,-29.37802086211741,-35.074853319183745
2081,-94.33040496893227,-35.77131532317289
2082,-20.80086487531662,-35.69886132579559
2083,-26.437171671539545,-35.751047501873984
2084,-40.48135290853679,-35.460153154169966
2085,-35.38270755345002,-35.260307679665566
2086,-19.54566871188581,-35.20786429485801
2087,-25.829208709299564,-35.29176145563397
2088,-31.470685619860888,-35.38158947599615
2089,-48.82889339327812,-35.70109829057969
2090,-21.700185718014836,-35.73128336417518
2091,-57.743883145973086,-36.04482940345799
2092,-42.3035938590765,-36.11772460240667
2093,-35.907241225242615,-36.31105769429152
2094,-26.42645527794957,-36.24101200472942
2095,-32.801023619715124,-36.094013135800196
2096,-26.358759628608823,-35.963546625742744
2097,-51.42425093613565,-36.29238458465232
2098,-34.23876041825861,-36.2943035700536
2099,-18.240693874657154,-35.98349054269406
2100,-37.38907339051366,-36.140420122844226
2101,-47.05091361887753,-36.43290143683
2102,-35.03893248923123,-36.280839693126325
2103,-23.978566829115152,-36.17109748220915
2104,-42.969567100692075,-36.35439824313944
2105,-33.571829051710665,-36.531408475107455
2106,-69.47693379130214,-36.98059167027561
2107,-38.43339631240815,-37.23335273119708
2108,-25.012195214629173,-37.1125131550405
2109,-51.714502999559045,-36.89864178322925
2110,-55.68656685075257,-36.93721735851228
2111,-33.126217087730765,-37.05381647262111
2112,-14.684455934911966,-36.84173875912413
2113,-31.729978810995817,-36.739080754624155
2114,-45.796053289435804,-36.925619976542364
2115,-49.29643460153602,-37.13100867269648
2116,-24.36350990086794,-37.183731096331904
2117,-49.211549885571,-37.49782406702725
2118,-26.72132151760161,-37.42145073721272
2119,-48.934213324217126,-37.657578465275876
2120,-24.981396980583668,-37.19187925190985
2121,-60.54925904236734,-37.33035585264995
2122,-31.78534371126443,-37.41595459379576
2123,-13.234617970883846,-37.27948452540062
2124,-38.140576208010316,-37.39132722871698
2125,-76.51809509471059,-37.32022885931976
2126,-28.328920567408204,-37.23803571414857
2127,-19.672469498589635,-37.22409681611418
2128,-63.58085435256362,-37.377354359912715
2129,-48.12985379062593,-37.49286269073098
2130,-21.27093399874866,-37.427451073724804
2131,-23.892692878842354,-37.10662934201959
2132,-80.59736389806494,-37.12975338334873
2133,-43.53554591303691,-37.26190912086706
2134,-22.302878411486745,-37.19668616901923
2135,-59.88938673213124,-37.573717648308524
2136,-27.15254184883088,-37.55381723246144
2137,-28.655270805582404,-37.57021102557497
2138,-23.060529318870977,-37.5460764436594
2139,-89.23520755022764,-38.09504426183019
2140,-20.159196723252535,-38.04126756839294
2141,-60.51066188234836,-38.30711848732855
2142,-18.235898026265204,-37.730437175747504
2143,-18.942160642705858,-37.735509478163
2144,-41.37992364959791,-37.946947354876464
2145,-33.76412723213434,-38.108236912281285
2146,-26.076820930466056,-38.06005437835775
2147,-16.116042744833976,-37.87547393834873
2148,-32.874435594305396,-37.98327453238147
2149,-55.978600818431005,-38.323553781481024
2150,-22.97226484771818,-37.92602132710584
2151,-41.20275024161674,-37.98594760738037
2152,-32.50253426562995,-37.98644852126672
2153,-13.567300762981176,-37.71586853704139
2154,-59.64494643290527,-38.010854563377364
2155,-18.75140216443924,-37.87350161904987
2156,-20.597156032919884,-37.6139443574525
2157,-22.54812726378441,-37.43564182665717
2158,-20.535615164786577,-37.30148531186912
2159,-46.16161673795432,-37.5211571225762
2160,-53.041265601757914,-37.368445754591896
2161,-19.914799485355616,-37.2593693145556
2162,-13.46982010465581,-36.92148756248448
2163,-26.08451798465103,-36.989674754706584
2164,-17.318712381529622,-36.97316835739105
2165,-12.742558157129679,-36.70497706167379
2166,-14.244297957979143,-36.65099988121053
2167,-19.506470304957475,-36.12623991741822
2168,-34.86476462439168,-36.224558033260045
2169,-17.35769686382264,-36.135186685748856
2170,-28.2456197147294,-36.166885662471444
2171,-21.28034265729366,-35.74963180153017
2172,-41.84416368819075,-35.771858361257735
2173,-32.1151668036473,-35.860855440417915
2174,-12.014262325130403,-35.52431375469515
2175,-7.734198526944965,-35.350034822085554
2176,-15.314007514738478,-34.91652469423219
2177,-16.040506101140636,-34.54877890073706
2178,-16.760071693453938,-34.30619874134206
2179,-12.059056415761006,-33.82803658618676
2180,-17.98648155744013,-33.71412119313999
2181,-8.814715083601186,-32.85896429428668
2182,-12.354332848692138,-32.77449897402043
2183,-14.568168738506415,-32.6558089446901
2184,-14.121829946292564,-32.39221371506766
2185,-15.89309195503563,-32.197317559083515
2186,-22.219606908409332,-32.22405694104875
2187,-11.308914332126733,-32.07885399727702
2188,-12.023455715738237,-31.8843816982358
2189,-22.381154628683362,-31.61990431058985
2190,-25.419887985513924,-31.65710133326484
2191,-14.580007273470073,-31.22546257453981
2192,-20.480453734635375,-31.0072311732954
2193,-17.792133520706557,-30.82608009625004
2194,-10.965000806376338,-30.671465551534308
2195,-10.748143526026979,-30.450936750597425
2196,-28.910048499004915,-30.476449639301386
2197,-22.172459037856015,-30.183931720318586
2198,-10.62901548948139,-29.947834271030814
2199,-11.94735629716888,-29.88490089525593
2200,-19.528778475127183,-29.70629794610207
2201,-17.569066784111783,-29.411479477754412
2202,-16.904614871367812,-29.230136301575776
2203,-12.41145038347895,-29.114465137119414
2204,-11.504382110200822,-28.7998132872145
2205,-15.156587050063536,-28.61566086719803
2206,-19.571718899533153,-28.11660871828034
2207,-17.800793557660654,-27.910282690732867
2208,-23.384246316007193,-27.894003201746646
2209,-36.00204166027834,-27.73687858835384
2210,-16.58221567887813,-27.345835076635094
2211,-21.7953925417969,-27.232526831175754
2212,-13.28770062723197,-27.218559278098954
2213,-16.208901647478342,-27.063348506463782
2214,-14.54637323494535,-26.750851705918876
2215,-15.030134439934045,-26.408188704302855
2216,-15.803161717951298,-26.32258522247369
2217,-33.152843451298395,-26.161998158130963
2218,-14.139159771235427,-26.036176540667302
2219,-14.614198830444366,-25.692976395729573
2220,-40.80357100395486,-25.851198135963287
2221,-19.321369549725205,-25.438919241036864
2222,-16.76265543513,-25.288692358275522
2223,-18.326854944694787,-25.33961472801363
2224,-33.76881110854447,-25.29589707701897
2225,-22.80213081976399,-24.758737434269506
2226,-29.249763867643196,-24.767945867271855
2227,-9.70317080069799,-24.66825288029294
2228,-21.95906694093719,-24.252035006176676
2229,-33.44737720262492,-24.105210240296664
2230,-22.520119605993386,-24.11770209636911
2231,-31.784412831359077,-24.19661929589428
2232,-18.268232877308037,-23.57332798568671
2233,-23.288976470959824,-23.37086229126594
2234,-10.903259284343221,-23.256866099994504
2235,-14.369232503697276,-22.801664557710165
2236,-22.371765341289574,-22.75385679263475
2237,-24.520112204016186,-22.71250520661909
2238,-44.6566789069343,-22.928466702499726
2239,-14.20341913116863,-22.178148818309136
2240,-19.31100265402347,-22.169666877616848
2241,-36.27458158007357,-21.9273060745941
2242,-10.844271825742908,-21.853389812588876
2243,-40.60635755529802,-22.070031781714796
2244,-31.058394410880283,-21.96681648932762
2245,-26.15938851988176,-21.890769102205095
2246,-29.51011503161135,-21.925102043216548
2247,-14.269889693707228,-21.90664051270528
2248,-24.042344312420028,-21.818319599886426
2249,-22.711054674982734,-21.485644138451946
2250,-17.333707333666098,-21.42925856331142
2251,-8.012113342152134,-21.097352194316773
2252,-23.34912623996206,-21.005818114060094
2253,-11.9885643367964,-20.990030749798247
2254,-25.264239391573938,-20.646223679384935
2255,-32.09523795342466,-20.77966203727479
2256,-25.021546728210524,-20.823905944227693
2257,-28.094764732410113,-20.87937231891395
2258,-9.478184934472665,-20.768798016610813
2259,-22.101653233396974,-20.52819838156524
2260,-14.100357382496895,-20.13878929937263
2261,-15.699764298158698,-20.09663894750066
2262,-15.515674050293455,-20.117097486957036
2263,-27.698073180126812,-20.133233038911793
2264,-17.430517285371025,-20.134351087950208
2265,-36.58686120348284,-20.37279411841374
2266,-17.756218848517165,-20.407913327319122
2267,-12.160399054351728,-20.334452614813063
2268,-41.76283869659528,-20.4034333555351
2269,-18.430053740739822,-20.41415692430427
2270,-14.877042441163212,-20.28047115156861
2271,-11.521702122408897,-20.18288474621976
2272,-12.203831951599568,-19.88648142885385
2273,-12.966228346107528,-19.69499204427845
2274,-20.246565570589155,-19.77731507673304
2275,-12.251547317951918,-19.82248856464311
2276,-37.157696476147976,-20.040925454257202
2277,-10.910084964707494,-19.989621242892873
2278,-11.874900881877693,-19.94076953477711
2279,-13.759491574950516,-19.957773886369004
2280,-13.482122603105381,-19.912730296825657
2281,-28.394401737154112,-20.108527163361188
2282,-23.613716996366747,-20.221121004837933
2283,-7.853196470998228,-20.153971282162853
2284,-12.050131888201577,-20.133254301581943
2285,-8.762219632495544,-20.06194557835654
2286,-8.154873715284339,-19.92129824642529
2287,-8.834121476422297,-19.896550317868247
2288,-20.940101142041385,-19.985716772131276
2289,-9.742476478021217,-19.859329990624655
2290,-10.512446864973754,-19.710255579419254
2291,-22.81348970146405,-19.792590403699194
2292,-14.11315482804639,-19.728917414633305
2293,-9.408034667563697,-19.645076426101877
2294,-12.320008712995332,-19.658626505168066
2295,-9.215986631563283,-19.64330493622343
2296,-19.093452035049268,-19.54513897158387
2297,-16.53008466967185,-19.48871522790203
2298,-8.501899996539578,-19.46744407297261
2299,-8.953607378760353,-19.437506583788526
2300,-8.280655718557682,-19.32502535622283
2301,-8.750550926488359,-19.236840197646597
2302,-16.336314808057068,-19.23115719701349
2303,-9.310198426695479,-19.200144677445657
2304,-16.680989169166423,-19.25191074803531
2305,-15.673501625256904,-19.257079893787246
2306,-22.565053584080488,-19.287013240632717
2307,-20.434748311039584,-19.313352788166508
2308,-14.932753679946472,-19.2288378618059
2309,-14.86461665169918,-19.01746361172011
2310,-7.305777711309929,-18.92469923204443
2311,-13.020183225355993,-18.836947138880017
2312,-10.070301877854945,-18.804773151386247
2313,-8.388640123826917,-18.726570536149733
2314,-5.621450737351552,-18.637321311173796
2315,-9.769724329984456,-18.5847172100743
2316,-12.398549128531158,-18.5506710841801
2317,-16.386369609463827,-18.383006345761753
2318,-19.49910077178947,-18.436605755767292
2319,-13.279543339951488,-18.423259200862365
2320,-14.87849068662399,-18.164008397689056
2321,-8.491968513784741,-18.05571438732965
2322,-6.791765047558329,-17.956005483453936
2323,-6.019398624230234,-17.83293092024929
2324,-5.811678153135631,-17.553359590695198
2325,-14.086841344047116,-17.46620669593803
2326,-7.09516742395266,-17.244660731501128
2327,-5.233101754653035,-17.199960041040676
2328,-5.310828350099655,-17.0334776551323
2329,-12.02443802396374,-16.81924826334569
2330,-11.587388878106182,-16.709920956066817
2331,-7.050201821099705,-16.462578845964224
2332,-9.33895821225346,-16.373286099313678
2333,-7.655849811578264,-16.21695483271986
2334,-5.009707225239026,-16.15801931212882
2335,-9.990209905276913,-16.11422908614462
2336,-10.69512985563236,-15.997462731288044
2337,-13.060671571350667,-15.88286832496139
2338,-17.562450931111016,-15.611926045203155
2339,-26.717652236580733,-15.737068376257277
2340,-19.732728799790493,-15.741285637714947
2341,-14.606439377988977,-15.524604215694103
2342,-9.853859883799487,-15.51470009627467
2343,-7.608053512121842,-15.184717055842906
2344,-6.246065739139283,-14.936593769125496
2345,-11.623236537774872,-14.791232249304429
2346,-12.025362035119542,-14.61638471933951
2347,-14.599638480016438,-14.619682207202603
2348,-7.42746026290115,-14.453533366707413
2349,-10.988238854741212,-14.336305208504998
2350,-25.974858454079367,-14.42271671970913
2351,-8.550654376391321,-14.428102130051522
2352,-33.74265889354865,-14.532037456587389
2353,-31.124461556319147,-14.723396428782616
2354,-12.78607474535238,-14.598614782320402
2355,-12.813955796365917,-14.405801960749814
2356,-29.45380506010042,-14.450124544068712
2357,-26.08579866141099,-14.430034883358722
2358,-8.939230140764266,-14.424645335421637
2359,-28.60648346612257,-14.489693637748893
2360,-27.152842632670072,-14.620218490250625
2361,-20.150133393719443,-14.664722181206232
2362,-25.143699681255384,-14.76100243751585
2363,-6.698093568592284,-14.551002641400505
2364,-10.752990444275383,-14.48422737298955
2365,-11.968669201189186,-14.238045452966611
2366,-19.947917418001452,-14.259962438661455
2367,-18.176689387106308,-14.320125341989002
2368,-11.029629413572366,-14.012793249158772
2369,-10.91925593918495,-13.937685271143224
2370,-8.793014980568842,-13.87684499653728
2371,-22.4338356494726,-13.985966331807917
2372,-12.292206147918478,-13.986850073771107
2373,-26.305361460880704,-14.120241404918838
2374,-29.897272501627413,-14.21674847422922
2375,-23.616617993186992,-14.330399180981571
2376,-23.327233247458935,-14.192094548694682
2377,-18.442476825537597,-14.267418467302981
2378,-13.806193456899052,-14.286731393053197
2379,-16.610829531552454,-14.315244772619215
2380,-24.871364240765615,-14.429137188995817
2381,-7.693213375958294,-14.222125305383859
2382,-8.717694462073268,-14.073165080040924
2383,-9.006972638620937,-14.084702841717151
2384,-26.589689685508347,-14.230098419690218
2385,-17.320844269528607,-14.31568466606055
2386,-11.277913377154619,-14.346915062679251
2387,-25.925623758346774,-14.517830085498497
2388,-27.27691561337633,-14.581198230211847
2389,-25.245587346469392,-14.736229338896328
2390,-12.197691397182552,-14.753081784218416
2391,-15.849142794511863,-14.683438315148894
2392,-10.169702865251793,-14.644003795520948
2393,-11.100908651359191,-14.660932535358905
2394,-9.171250459437204,-14.629444952823322
2395,-9.401619643684398,-14.631301282944532
2396,-10.825855500510443,-14.548625317599145
2397,-10.406034047448202,-14.487384811376907
2398,-12.219949874850727,-14.52456531016002
2399,-11.105518774865374,-14.54608442412107
2400,-11.659276904720627,-14.579870635982699
2401,-6.990146963223651,-14.562266596350053
2402,-9.057144168241393,-14.489474889951897
2403,-11.302040921513253,-14.509393314900073
2404,-7.784671386802074,-14.42043013707643
2405,-10.177185960716542,-14.365466980431027
2406,-7.712991520724245,-14.216946359797465
2407,-15.582873595483534,-14.168427612641903
2408,-11.230478847405408,-14.131404864316494
2409,-7.220666937091465,-14.054965367170416
2410,-7.874301795198221,-14.060650608009299
2411,-6.7084305934327375,-13.997533081690067
2412,-4.171869259796182,-13.938548755509478
2413,-4.08196852495837,-13.895482039520793
2414,-3.9581080944599307,-13.878848613091877
2415,-3.9530701825860888,-13.820682071617894
2416,-3.952796703909982,-13.73622454737168
2417,-3.9512913218750327,-13.611873764495792
2418,-3.959525130223483,-13.456478008080133
2419,-3.9524975419044495,-13.363207550099663
2420,-3.9551844373345375,-13.253974487606767
2421,-3.952682077884674,-13.208581623247767
2422,-3.952490301714988,-13.180188875789334
2423,-3.952658816183657,-13.159521477708868
2424,-3.9513885378837585,-13.140918581556347
2425,-3.9540075236582197,-13.039590243352459
2426,-3.955220529460348,-13.008190774407538
2427,-3.9527555355539334,-12.995387312216547
2428,-3.951801868135135,-12.9817970473969
2429,-3.9517247080802917,-12.901069914238066
2430,-3.9521727882238338,-12.824717753339243
2431,-3.9528157114982605,-12.793743892243228
2432,-3.946203589439392,-12.739816346015088
2433,-3.9527632549406917,-12.702785480448712
2434,-3.952675938606262,-12.692215167582384
2435,-3.95278075709939,-12.63184087610061
2436,-3.9527778029441833,-12.564417355573728
2437,-3.9530061403420405,-12.473340701263641
2438,-3.952547252178192,-12.337241664474313
2439,-3.9505926269380325,-12.109571068377885
2440,-3.952894866466522,-11.951772729044647
2441,-3.9519808888435364,-11.845228144153191
2442,-3.9526824355125427,-11.78621636967032
2443,-3.9508868793531065,-11.749644703342636
2444,-3.9516574170893364,-11.726700620122138
2445,-3.951534397543398,-11.649983598719821
2446,-3.951556682062801,-11.569245545189254
2447,-3.9528170824050903,-11.46277733121314
2448,-3.952479600411607,-11.428027524588245
2449,-3.955491487326043,-11.357700050914094
2450,-3.9522000685076364,-11.137473467058376
2451,-3.9528613090515137,-11.091495536384977
2452,-3.95224130153656,-10.793591360464857
2453,-3.955914765363559,-10.521905892555301
2454,-3.9537354348988174,-10.433582499450765
2455,-3.952459454536438,-10.34496753603247
2456,-3.952529549598694,-10.089954780927453
2457,-3.9527989625930786,-9.868624783939275
2458,-3.9515800465555913,-9.818748282997188
2459,-3.952643930912018,-9.572209887645082
2460,-3.952709197998047,-9.340208553298362
2461,-3.9530420715454966,-9.178237640076622
2462,-3.952796291437835,-8.966328606178447
2463,-3.952644109725952,-8.938874111589783
2464,-3.957454232801865,-8.870918749475049
2465,-3.9595057544452175,-8.790827115007609
2466,-3.9529585696545837,-8.63087752652414
2467,-3.949043368256298,-8.48860106633564
2468,-3.9515952356159687,-8.417820724556076
2469,-3.951654558586597,-8.348144710750093
2470,-3.9528974890708923,-8.299743535835113
2471,-3.952731011351716,-8.114932489453905
2472,-3.952714741230011,-8.03153757538702
2473,-3.9520289052306907,-7.808004249830519
2474,-3.952591350696821,-7.548557438321214
2475,-3.9526070952415466,-7.351917329341759
2476,-3.9537941612070426,-7.15818293847924
2477,-3.952570378780365,-7.013283874011668
2478,-3.951131761074066,-6.914733257053419
2479,-3.9529829025268555,-6.788154790763162
2480,-3.952683448791504,-6.578967982843421
2481,-3.951691075859344,-6.541552759842432
2482,-3.9526514413333302,-6.493902329635032
2483,-3.952649474143982,-6.443359097990262
2484,-3.9518997763932475,-6.216981198899111
2485,-3.9517740350738677,-6.083290496554564
2486,-3.952639161735533,-6.010037754400373
2487,-3.9529282450675964,-5.790310799267582
2488,-3.9528056383132935,-5.557069699516951
2489,-3.9528920650482178,-5.344142746702739
2490,-3.9626727974418827,-5.261792560705333
2491,-3.951016319600498,-5.142811295956219
2492,-3.9536971896214226,-5.080651239199915
2493,-3.9520288705825806,-5.0091624413921485
2494,-3.952475070953369,-4.95697468750731
2495,-3.9524341225624084,-4.902482832296091
2496,-3.956242397427559,-4.833786701265262
2497,-3.9556806875261827,-4.769283167666042
2498,-3.952588585515869,-4.6866095547726925
2499,-3.9524438898661174,-4.615078805922701
2500,-3.952255648022401,-4.538008593355718
2501,-3.9525855779647827,-4.507632979503129
2502,-3.9526067972183228,-4.456587605792899
2503,-3.952164492649217,-4.383088841504258
2504,-3.95227868191094,-4.3447649144553475
2505,-3.9536724599552144,-4.282529779447734
2506,-3.952782232872778,-4.24492768656922
2507,-3.952942415771645,-4.1286283747721
2508,-3.9534487502241973,-4.055858073800288
2509,-3.9584013799752427,-4.023235418229126
2510,-3.9514110684394836,-3.984006510961539
2511,-3.9524661318118888,-3.95644686634533
2512,-3.95264732837677,-3.9542546470311355
2513,-3.952717529762822,-3.9529621370791803
2514,-3.9528360565354888,-3.952909416699936
2515,-3.947327064311139,-3.9528519855171864
2516,-3.9542925206478685,-3.9528669436845654
2517,-3.949517011642456,-3.9528492005822398
2518,-3.9530203574377083,-3.952784152854382
2519,-3.9526430347336827,-3.9527856077826744
2520,-3.952634632587433,-3.952760109735203
2521,-4.087909571428028,-3.954112384670637
2522,-3.951932306488743,-3.9541068047183745
2523,-3.9528333970856693,-3.9541085505273945
2524,-3.951979306861176,-3.954114458217169
2525,-3.9570502983406186,-3.9541448859639927
2526,-3.9524406790733337,-3.954117087460123
2527,-3.9526771306991577,-3.954116303411575
2528,-3.9514829516410828,-3.9541131142466344
2529,-3.952720820903778,-3.954123075374869
2530,-3.952862322330475,-3.9541299707159356
2531,-3.953072095871903,-3.954132534559672
2532,-3.9530042533508407,-3.954200541198787
2533,-3.9523661732673645,-3.9541965703820536
2534,-3.9526221061241813,-3.9541960320572325
2535,-3.952491343021393,-3.9541931379164525
2536,-3.9531318029767135,-3.954196677916778
2537,-3.988802544772625,-3.9545546419610837
2538,-3.9524626130978504,-3.9545537955702805
2539,-3.9525744915008545,-3.9545736142159087
2540,-3.9484089082689025,-3.9545287546339325
2541,-3.952877938747406,-3.954537725132971
2542,-3.9609733698889613,-3.9546206344767354
2543,-3.9516806047363815,-3.9546285717305683
2544,-3.9531815804261896,-3.9546438133639366
2545,-3.95294598278997,-3.9546579292164017
2546,-3.952608585357666,-3.9546684482493504
2547,-3.9549848445458338,-3.9546901258707576
2548,-3.95492661890421,-3.954714596055684
2549,-3.9554706551134586,-3.9547143877335578
2550,-3.9525652921947767,-3.954718039970429
2551,-3.951612125599638,-3.954705548135911
2552,-3.9527321879468786,-3.9547104570000133
2553,-3.952831755495936,-3.954679626901337
2554,-3.9515400416428292,-3.9546576729687772
2555,-3.9563975983764976,-3.9546970544071782
2556,-3.9678592524214764,-3.9548503514354056
2557,-3.9480254871741636,-3.9548026166812167
2558,-3.952815761079137,-3.954814973826452
2559,-3.9612651339812146,-3.9549011858571443
2560,-3.953294646157346,-3.954907040338737
2561,-3.952298013799009,-3.9548995997612724
2562,-3.952743649482727,-3.9548990733417213
2563,-3.9506431818008423,-3.95487906406247
2564,-3.952665388584137,-3.954831175620293
2565,-3.989741513505578,-3.9551335332108963
2566,-3.949988588625729,-3.955103833400608
2567,-3.9513572925702647,-3.9551269726437477
2568,-3.95392578352039,-3.955150278122792
2569,-3.9523969277935294,-3.955157701814861
2570,-3.9545468635258203,-3.9551741955594104
2571,-3.952783586029156,-3.955174721306185
2572,-3.9524088501930237,-3.9551716623958155
2573,-3.9509330545124612,-3.9551607038886334
2574,-3.952775827311825,-3.9551625486547834
2575,-3.955222376738675,-3.955188701469755
2576,-3.952185571193695,-3.955172615569621
2577,-3.9528380527499394,-3.955175292309317
2578,-3.952792763710022,-3.9551919023356765
2579,-3.953333445732369,-3.955195407767732
2580,-3.9527689250389813,-3.9551962625302064
2581,-3.9491480167553163,-3.9551708319391663
2582,-3.9527761936187744,-3.95517207946202
2583,-3.952850883609031,-3.9551740935566704
2584,-3.951757693204854,-3.9551726727247867
2585,-3.9563101747517067,-3.955218034121565
2586,-3.953373081072641,-3.955225373314936
2587,-3.9544419008450404,-3.9552405098727106
2588,-3.9528193874539284,-3.955240647364117
2589,-3.952839672121627,-3.9552401234348507
2590,-3.9507131823775126,-3.955120527284207
2591,-3.9528473375062276,-3.955138837463265
2592,-3.951856255531311,-3.9551204281223638
2593,-3.952681766152182,-3.9551269570780594
2594,-3.952647864818573,-3.9551286850167116
2595,-3.9503171226242557,-3.95510751501733
2596,-3.9532002394553274,-3.9550770934376076
2597,-3.9518301315792996,-3.955038587878139
2598,-3.9518279433250427,-3.9550309814562308
2599,-3.952597446675327,-3.955032517024323
2600,-3.9509646388632973,-3.9550196069327317
2601,-3.9650002152193338,-3.9551437533052773
2602,-3.960836165584624,-3.9552260469889404
2603,-3.9525994062423706,-3.955230396124872
2604,-3.952792465686798,-3.95523553396263
2605,-3.9527342084093107,-3.9552261514471714
2606,-3.952716671348753,-3.955225495831931
2607,-3.953776887611582,-3.9552338405503304
2608,-3.9515195498778866,-3.9552145485468673
